{"format_version":"1.8.0","minecraft:client_entity":{"description":{"animation_controllers":[{"humanoid_baby_big_head":"controller.animation.humanoid.baby_big_head"},{"humanoid_base_pose":"controller.animation.humanoid.base_pose"},{"look_at_target":"controller.animation.humanoid.look_at_target"},{"move":"controller.animation.humanoid.move"},{"riding":"controller.animation.humanoid.riding"},{"holding":"controller.animation.humanoid.holding"},{"brandish_spear":"controller.animation.humanoid.brandish_spear"},{"charging":"controller.animation.humanoid.charging"},{"attack":"controller.animation.humanoid.attack"},{"sneaking":"controller.animation.humanoid.sneaking"},{"bob":"controller.animation.humanoid.bob"},{"damage_nearby_mobs":"controller.animation.humanoid.damage_nearby_mobs"},{"swimming":"controller.animation.humanoid.swimming"},{"use_item_progress":"controller.animation.humanoid.use_item_progress"}],"animations":{"attack.rotations":"animation.humanoid.attack.rotations","bob":"animation.humanoid.bob","brandish_spear":"animation.humanoid.brandish_spear","charging":"animation.humanoid.charging","damage_nearby_mobs":"animation.humanoid.damage_nearby_mobs","holding":"animation.humanoid.holding","humanoid_base_pose":"animation.humanoid.base_pose","humanoid_big_head":"animation.humanoid.big_head","look_at_target_default":"animation.humanoid.look_at_target.default","look_at_target_gliding":"animation.humanoid.look_at_target.gliding","look_at_target_swimming":"animation.humanoid.look_at_target.swimming","move":"animation.humanoid.move","riding.arms":"animation.humanoid.riding.arms","riding.legs":"animation.humanoid.riding.legs","sneaking":"animation.humanoid.sneaking","swimming":"animation.humanoid.swimming","use_item_progress":"animation.humanoid.use_item_progress"},"geometry":{"default":"geometry.cl"},"identifier":"ben:cl","materials":{"default":"spider"},"render_controllers":["controller.render.hero_dusted"],"scripts":{"pre_animation":["variable.tcos0 = (Math.cos(query.modified_distance_moved * 38.17) * query.modified_move_speed / variable.gliding_speed_value) * 57.3;","variable.tcos1 = -variable.tcos0;","variable.attack_body_rot_y = Math.sin(Math.sqrt(variable.attack_time)) * 11.46;","variable.cos_attack_body_rot_y = Math.cos(variable.attack_body_rot_y);","variable.sin_attack_body_rot_y = Math.sin(variable.attack_body_rot_y);","variable.internal_swim_pos = Math.mod(query.modified_distance_moved, 26.0);","variable.attack = Math.sin((1.0 - (1.0 - variable.attack_time) * (1.0 - variable.attack_time)) * 180.0) * 57.3;","variable.attack2 = Math.sin(variable.attack_time * 180.0) * 57.3;","variable.z_bob = Math.cos(query.life_time * 103.13244) * 2.865 + 2.865;","variable.x_bob = Math.sin(query.life_time * 76.776372) * 2.865;"]},"spawn_egg":{"texture":"cl","texture_index":0},"textures":{"default":"textures/entity/cl"}}}}