{
	"format_version": "1.8.0",
	"animations": {
		"animation.kevin11.new": {
			"animation_length": 0.88,
			"bones": {
				"bone6": {
					"rotation": {
						"0.4833": [0, 0, 0],
						"0.6333": [30, 0, 0],
						"0.7667": [45, 0, 0],
						"0.8833": [80, 0, 0]
					}
				},
				"bone7": {
					"rotation": {
						"0.2": [0, 5, 0],
						"0.4333": [0, 20, 0]
					},
					"position": [0, 0, -5]
				},
				"bone8": {
					"rotation": {
						"0.2": [0, -10, 0],
						"0.4333": [0, -25, 0]
					},
					"position": [0, 0, -6]
				}
			}
		}
	}
}