{
	"format_version": "1.8.0",
	"animations": {
		"animation.lobo.ataque": {
			"animation_length": 3.2,
			"bones": {
				"rightArm": {
					"rotation": {
						"0.0833": [0, 0, 0],
						"0.4333": [-25, 0, 0]
					},
					"position": {
						"0.0833": [0, 0, 0],
						"0.4333": [0, 0, -9]
					}
				},
				"leftArm": {
					"rotation": {
						"0.0833": [0, 0, 0],
						"0.4333": [-30, 0, 0]
					},
					"position": {
						"0.0833": [0, 0, 1],
						"0.4333": [0, 3, -13]
					}
				},
				"rightLeg": {
					"rotation": {
						"0.0833": [0, 0, 0],
						"0.4333": [-30, 0, 0]
					},
					"position": {
						"0.0833": [0, 0, 1],
						"0.4333": [0, 4, -19]
					}
				},
				"rightArm2": {
					"rotation": {
						"0.0833": [-5, 0, 0],
						"0.4333": [-25, 0, 0]
					},
					"position": {
						"0.0833": [0, 1, -2],
						"0.4333": [0, 1, -16]
					}
				},
				"bone": {
					"rotation": {
						"0.5667": [-10, 0, 0],
						"0.9167": [15, 0, 0]
					},
					"position": {
						"0.4833": [0, -5, -8],
						"0.5667": [0, -5, -9],
						"0.7167": [0, -0.56, 0.67],
						"0.9167": [0, 5, 12]
					}
				}
			}
		}
	}
}