{
	"format_version": "1.8.0",
	"animations": {
		"animation.qua.walk": {
			"animation_length": 1.08,
			"bones": {
				"body": {
					"position": {
						"0.1667": [0, 7, 0],
						"0.2": [0, 30.42, 0],
						"0.6333": [0, 0, 0]
					}
				},
				"head": {
					"position": {
						"0.1667": [0, 7, 0],
						"0.2": [0, 30.42, 0],
						"0.6333": [0, 0, 0]
					}
				},
				"rightArm": {
					"position": {
						"0.1667": [0, 7, 0],
						"0.2": [0, 30.42, 0],
						"0.6333": [0, 0, 0]
					}
				},
				"leftArm": {
					"position": {
						"0.1667": [0, 7, 0],
						"0.2": [0, 30.42, 0],
						"0.6333": [0, 0, 0]
					}
				},
				"rightLeg": {
					"position": {
						"0.1667": [0, 7, 0],
						"0.2": [0, 30.42, 0],
						"0.6333": [0, 0, 0]
					}
				},
				"leftLeg": {
					"position": {
						"0.1667": [0, 7, 0],
						"0.2": [0, 30.42, 0],
						"0.6333": [0, 0, 0]
					}
				}
			}
		}
	}
}