{
  "format_version": "1.16.0",
  "minecraft:block": {
    "description": {
      "identifier": "block:de_bioma",
      "is_experimental": false,
      "register_to_creative_menu": true
    },
    "components": {
      "minecraft:loot": "loot_tables/blocks/block_de_bioma.json",
      "minecraft:destroy_time": 3.0,
      "minecraft:friction": 0.9,
      "minecraft:map_color": "#FFFFFF",
      "minecraft:block_light_absorption": 0.0,
      "minecraft:block_light_emission": 0.0,
      "minecraft:explosion_resistance": 5.0
    }
  }
}