{
	"format_version": "1.12.0",
	"minecraft:geometry": [
		{
			"description": {
				"identifier": "geometry.aecho",
				"texture_width": 64,
				"texture_height": 64,
				"visible_bounds_width": 3,
				"visible_bounds_height": 3,
				"visible_bounds_offset": [0, 0, 0]
			},
			"bones": [
				{
					"name": "leftleg",
					"pivot": [1.9, 12, 0],
					"cubes": [
						{"origin": [-0.1, 0, -1], "size": [2, 3, 2], "uv": [56, 44]},
						{"origin": [-9, 2, -1], "size": [2, 7, 2], "pivot": [-4, -2, 0], "rotation": [0, 0, 20], "uv": [0, 55], "mirror": true},
						{"origin": [5.8, 2, -1], "size": [2, 7, 2], "pivot": [3, -2, 0], "rotation": [0, 0, -20], "uv": [0, 55]},
						{"origin": [-4.1, 11, -3], "size": [7, 5, 6], "uv": [0, 0]},
						{"origin": [2.9, 12, -2], "size": [1, 3, 4], "uv": [54, 0], "mirror": true},
						{"origin": [-5.1, 12, -2], "size": [1, 3, 4], "uv": [54, 0]},
						{"origin": [-4.1, 14, -3.5], "size": [2, 1, 1], "uv": [58, 12], "mirror": true},
						{"origin": [0.9, 14, -3.5], "size": [2, 1, 1], "uv": [58, 12]},
						{"origin": [0.1, 10, 2.5], "size": [0.5, 0.7, 0.5], "uv": [32, 27]},
						{"origin": [-1.9, 10, 2.5], "size": [0.5, 0.7, 0.5], "uv": [34, 30]},
						{"origin": [-5, 11, 5], "size": [0.5, 2, 0.5], "pivot": [-7, -1, 5], "rotation": [20, 0, 0], "uv": [34, 31]},
						{"origin": [3.3, 11, 5], "size": [0.5, 2, 0.5], "pivot": [2, -1, 5], "rotation": [20, 0, 0], "uv": [32, 27]},
						{"origin": [0.3, 10.3, 1.7], "size": [3.5, 0.5, 0.5], "pivot": [2, -2, 2], "rotation": [0, 30, 0], "uv": [28, 30]},
						{"origin": [-5.1, 10.3, 1.7], "size": [3.5, 0.5, 0.5], "pivot": [-3, -2, 2], "rotation": [0, -30, 0], "uv": [31, 30]},
						{"origin": [-1.6, 14, -4], "size": [2, 2, 1], "uv": [0, 41]},
						{"origin": [-3.1, 3, -2], "size": [5, 8, 4], "uv": [46, 52]},
						{"origin": [-2.1, 7, 2], "size": [3, 3, 1], "uv": [28, 0]},
						{"origin": [-3.1, 0, -1], "size": [2, 3, 2], "uv": [56, 44], "mirror": true}
					]
				}
			]
		}
	]
}