{
	"format_version": "1.12.0",
	"minecraft:geometry": [
		{
			"description": {
				"identifier": "geometry.ahm",
				"texture_width": 128,
				"texture_height": 128,
				"visible_bounds_width": 5,
				"visible_bounds_height": 3,
				"visible_bounds_offset": [0, 0, 0]
			},
			"bones": [
				{
					"name": "body",
					"pivot": [0, 24, 0],
					"cubes": [
						{"origin": [-4.08, 12, -2.04], "size": [8.16, 12, 4.08], "uv": [60, 0]},
						{"origin": [-10.66, 22.3, -5.04], "size": [2.16, 18, 8.08], "pivot": [-8, 17, -3], "rotation": [0, 0, 40], "uv": [61, 25]},
						{"origin": [-7.08, 24, -4.04], "size": [14.16, 11, 6.08], "uv": [88, 0]},
						{"origin": [-16.92, 23, -0.04], "size": [4.08, 14, 4.08], "pivot": [-21, 13, 2], "rotation": [5, 0, 15], "uv": [112, 36]},
						{"origin": [13.08, 19.5, -0.04], "size": [4.08, 14, 4.08], "pivot": [9, 9, 2], "rotation": [5, 0, -15], "uv": [112, 36], "mirror": true},
						{"origin": [9.42, 14, -13.04], "size": [4.08, 12, 4.08], "pivot": [5, 1, -11], "rotation": [-30, 0, 0], "uv": [112, 18], "mirror": true},
						{"origin": [-13.92, 14, -13.04], "size": [4.08, 12, 4.08], "pivot": [-18, 1, -11], "rotation": [-30, 0, 0], "uv": [112, 18]},
						{"origin": [-4.08, 34, -9.08], "size": [8.16, 8, 11.16], "uv": [0, 0]},
						{"origin": [-4.58, 34, -10.04], "size": [9.16, 3, 4.08], "uv": [84, 37]},
						{"origin": [-1.08, 13, -10.08], "size": [2.16, 2, 25.16], "pivot": [0, -11, -6], "rotation": [-25, 0, 0], "uv": [0, 22]},
						{"origin": [-1.58, 27.6, -6.04], "size": [2.16, 2, 1.08], "uv": [86, 24]}
					]
				},
				{
					"name": "rightleg",
					"pivot": [-2.9, 12, 0],
					"cubes": [
						{"origin": [-5.08, 6, -2.04], "size": [4.08, 6, 4.08], "uv": [112, 56], "mirror": true},
						{"origin": [-5.08, 0, -2.04], "size": [4.08, 1, 4.08], "uv": [0, 32]},
						{"origin": [-5.08, 0, -4.04], "size": [1.08, 1, 2.08], "uv": [101, 21]},
						{"origin": [-2.08, 0, -4.04], "size": [1.08, 1, 2.08], "uv": [99, 22]},
						{"origin": [-5.488, 1, -2.244], "size": [4.488, 5, 4.488], "uv": [112, 72], "mirror": true}
					]
				},
				{
					"name": "leftleg",
					"pivot": [2.9, 12, 0],
					"cubes": [
						{"origin": [1, 1, -2.244], "size": [4.488, 5, 4.488], "uv": [112, 72], "mirror": true},
						{"origin": [1, 6, -2.04], "size": [4.08, 6, 4.08], "uv": [112, 56], "mirror": true},
						{"origin": [1, 0, -2.04], "size": [4.08, 1, 4.08], "uv": [0, 32], "mirror": true},
						{"origin": [4, 0, -4.04], "size": [1.08, 1, 2.08], "uv": [101, 20], "mirror": true},
						{"origin": [1, 0, -4.04], "size": [1.08, 1, 2.08], "uv": [100, 21], "mirror": true}
					]
				}
			]
		}
	]
}