{
	"format_version": "1.12.0",
	"minecraft:geometry": [
		{
			"description": {
				"identifier": "geometry.aqua",
				"texture_width": 128,
				"texture_height": 128,
				"visible_bounds_width": 4,
				"visible_bounds_height": 3,
				"visible_bounds_offset": [0, 0, 0]
			},
			"bones": [
				{
					"name": "head",
					"pivot": [0, 26, 1],
					"cubes": [
						{"origin": [-4.08, 29, -5.08], "size": [8.16, 8, 8.16], "uv": [0, 0]},
						{"origin": [-4.08, 29.5, 0.42], "size": [8.16, 7, 1.16], "uv": [0, 35]},
						{"origin": [-4.06, 35, -5.58], "size": [1.16, 1, 1.16], "uv": [0, 25]},
						{"origin": [2.84, 35, -5.58], "size": [1.16, 1, 1.16], "uv": [0, 25]},
						{"origin": [-0.58, 44, 13.92], "size": [1.16, 5, 1.16], "pivot": [0, 12, 18], "rotation": [35, 0, 0], "uv": [124, 68]},
						{"origin": [-0.58, 48, 7.92], "size": [1.16, 1, 6.16], "pivot": [0, 13, 17], "rotation": [35, 0, 0], "uv": [114, 40]}
					]
				},
				{
					"name": "body",
					"pivot": [0, 25, 0],
					"cubes": [
						{"origin": [-4.08, 12, -2.04], "size": [8.16, 14, 4.08], "uv": [104, 0]},
						{"origin": [-2.92, 26, -2.04], "size": [6, 3, 4.08], "uv": [61, 0]},
						{"origin": [1.08, 23, -3.04], "size": [2, 2, 2], "uv": [0, 62]}
					]
				},
				{
					"name": "rightleg",
					"pivot": [-1.9, 12, 0]
				},
				{
					"name": "leftleg",
					"pivot": [1.9, 12, 0],
					"cubes": [
						{"origin": [-4, 0, -1.04], "size": [8.08, 12, 2.08], "uv": [108, 114], "mirror": true}
					]
				},
				{
					"name": "rightarm",
					"pivot": [-5, 22, 0],
					"cubes": [
						{"origin": [-6.92, 12, -1.54], "size": [3.08, 14, 3.08], "uv": [0, 111], "mirror": true}
					]
				},
				{
					"name": "leftarm",
					"pivot": [5, 22, 0],
					"cubes": [
						{"origin": [4.08, 12, -1.54], "size": [3.08, 14, 3.08], "uv": [0, 85]}
					]
				}
			]
		}
	]
}