{
	"format_version": "1.12.0",
	"minecraft:geometry": [
		{
			"description": {
				"identifier": "geometry.asm",
				"texture_width": 128,
				"texture_height": 128,
				"visible_bounds_width": 5,
				"visible_bounds_height": 3,
				"visible_bounds_offset": [0, 0, 0]
			},
			"bones": [
				{
					"name": "body",
					"pivot": [0, 24, 0],
					"cubes": [
						{"origin": [-4, 16, -22], "size": [8, 6, 15], "inflate": 0.25, "pivot": [0, 4, -14], "rotation": [-35, 0, 0], "uv": [0, 21]},
						{"origin": [-10, 14.5, -19.5], "size": [11, 7, 1], "inflate": 0.25, "pivot": [-3, 2, -12], "rotation": [-35, -25, 20], "uv": [0, 120]},
						{"origin": [-1, 15.5, -20.5], "size": [11, 7, 1], "inflate": 0.25, "pivot": [6, 3, -13], "rotation": [-35, 25, -20], "uv": [0, 120]},
						{"origin": [-4, 11, -10], "size": [8, 5, 5], "pivot": [-1, -9, -8], "rotation": [-25, 0, 0], "uv": [46, 0]},
						{"origin": [-1, 12, -4], "size": [2, 15, 2], "pivot": [-4, -8, -2], "rotation": [-25, 0, 0], "uv": [120, 0]},
						{"origin": [-1, 24, 2], "size": [2, 2, 7], "pivot": [-4, 4, 4], "rotation": [-25, 0, 0], "uv": [98, 0]},
						{"origin": [-1, 17, 4], "size": [2, 6, 2], "pivot": [-4, -3, 6], "rotation": [-25, 0, 0], "uv": [120, 28]},
						{"origin": [-1, 18, -24], "size": [2, 1, 2], "pivot": [0, -1, -21], "rotation": [-35, 0, 0], "uv": [120, 41]},
						{"origin": [-4, 22, -19], "size": [8, 8, 8], "uv": [0, 0]}
					]
				},
				{
					"name": "waist",
					"pivot": [0, 17, 0]
				},
				{
					"name": "head",
					"pivot": [0, 24, 0]
				},
				{
					"name": "rightArm",
					"pivot": [-6, 22, 0],
					"cubes": [
						{"origin": [-9, 0, -6], "size": [3, 14, 3], "inflate": 0.25, "uv": [15, 43]},
						{"origin": [-9, 0, -12], "size": [3, 18, 3], "inflate": 0.25, "uv": [0, 50]},
						{"origin": [-8, 14, -6], "size": [4, 3, 3], "uv": [0, 43]},
						{"origin": [-8, 18, -12], "size": [4, 3, 3], "uv": [0, 43]},
						{"origin": [8, 0, -12], "size": [3, 18, 3], "inflate": 0.25, "pivot": [2, 0, 0], "rotation": [0, 0, -10], "uv": [0, 50], "mirror": true},
						{"origin": [8, 0, -6], "size": [3, 14, 3], "inflate": 0.25, "pivot": [2, 0, 5], "rotation": [0, 0, -10], "uv": [15, 43], "mirror": true},
						{"origin": [6, 14, -6], "size": [4, 3, 3], "pivot": [2, 0, 10], "rotation": [0, 0, -10], "uv": [0, 43], "mirror": true},
						{"origin": [6, 18, -12], "size": [4, 3, 3], "pivot": [2, 0, 5], "rotation": [0, 0, -10], "uv": [0, 43], "mirror": true}
					]
				},
				{
					"name": "rightLeg",
					"pivot": [-1.9, 12, 0],
					"cubes": [
						{"origin": [2, 0, 5], "size": [3, 8, 3], "inflate": 0.25, "uv": [16, 61], "mirror": true},
						{"origin": [2, 5, 3], "size": [3, 7, 3], "uv": [1, 72], "mirror": true},
						{"origin": [-5, 0, 5], "size": [3, 8, 3], "inflate": 0.25, "uv": [15, 61]},
						{"origin": [-5, 5, 3], "size": [3, 7, 3], "uv": [1, 72]}
					]
				},
				{
					"name": "leftLeg",
					"pivot": [1.9, 12, 0],
					"mirror": true
				}
			]
		}
	]
}