{
	"format_version": "1.12.0",
	"minecraft:geometry": [
		{
			"description": {
				"identifier": "geometry.astro",
				"texture_width": 128,
				"texture_height": 128,
				"visible_bounds_width": 4,
				"visible_bounds_height": 3,
				"visible_bounds_offset": [0, 0, 0]
			},
			"bones": [
				{
					"name": "head",
					"pivot": [0, 26, 1],
					"cubes": [
						{"origin": [-4.08, 29, -3.08], "size": [8.16, 8, 6.16], "uv": [0, 0]},
						{"origin": [-4.08, 29, -8.08], "size": [8.16, 4, 5.16], "uv": [0, 15]},
						{"origin": [-3.08, 34, 2.92], "size": [6.16, 3, 5.16], "uv": [31, 0]},
						{"origin": [-4.4048, 32, -21.2924], "size": [0.4048, 8, 0.1948], "pivot": [-8, 8, -9], "rotation": [-40, 0, 0], "uv": [86, 0]},
						{"origin": [3.9952, 32, -21.2924], "size": [0.4048, 8, 0.1948], "pivot": [3, 8, -9], "rotation": [-40, 0, 0], "uv": [86, 0]}
					]
				},
				{
					"name": "body",
					"pivot": [0, 25, 0],
					"cubes": [
						{"origin": [-4.08, 12, -2.04], "size": [8.16, 14, 4.08], "uv": [0, 42]},
						{"origin": [-3.08, 17, 1.96], "size": [6.16, 9, 2.08], "uv": [112, 0]},
						{"origin": [-28.08, 25, 1.96], "size": [20.16, 7, 1.08], "pivot": [-25, 8, 1], "rotation": [0, 0, 20], "uv": [86, 78]},
						{"origin": [7.92, 20, 1.96], "size": [20.16, 7, 1.08], "pivot": [11, 3, 1], "rotation": [0, 0, -20], "uv": [86, 78]},
						{"origin": [4.08, 21, -2.04], "size": [4, 4, 4.08], "uv": [33, 29], "mirror": true},
						{"origin": [-1.92, 26, -2.04], "size": [4, 7, 4.08], "uv": [0, 62]},
						{"origin": [-7.92, 21, -2.04], "size": [4, 4, 4.08], "uv": [33, 29]},
						{"origin": [7.8984, 22, -1.0808], "size": [1.2032, 2, 2.0816], "uv": [0, 87]}
					]
				},
				{
					"name": "rightleg",
					"pivot": [-1.9, 12, 0],
					"cubes": [
						{"origin": [-4.08, 0, -1.04], "size": [2.08, 12, 2.08], "uv": [0, 114]},
						{"origin": [-4.08, 0, -3.04], "size": [2.08, 1, 2.08], "uv": [28, 125]}
					]
				},
				{
					"name": "leftleg",
					"pivot": [1.9, 12, 0],
					"cubes": [
						{"origin": [2, 0, -3.04], "size": [2.08, 1, 2.08], "uv": [28, 125], "mirror": true},
						{"origin": [2, 0, -1.04], "size": [2.08, 12, 2.08], "uv": [0, 114], "mirror": true}
					]
				},
				{
					"name": "rightarm",
					"pivot": [-5, 22, 0],
					"cubes": [
						{"origin": [-6.92, 15, -1.54], "size": [2.08, 8, 3.08], "uv": [118, 30], "mirror": true},
						{"origin": [-6.92, 7, -1.54], "size": [2.08, 3, 3.08], "uv": [118, 91], "mirror": true},
						{"origin": [-7.92, 10, -1.54], "size": [3.08, 5, 3.08], "uv": [116, 60], "mirror": true}
					]
				},
				{
					"name": "leftarm",
					"pivot": [5, 22, 0],
					"cubes": [
						{"origin": [5.08, 15, -1.54], "size": [2.08, 8, 3.08], "uv": [118, 30]},
						{"origin": [5.08, 7, -1.54], "size": [2.08, 3, 3.08], "uv": [118, 91]},
						{"origin": [5.08, 10, -1.54], "size": [3.08, 5, 3.08], "uv": [116, 60]}
					]
				}
			]
		}
	]
}