{
	"format_version": "1.10.0",
	"geometry.atx": {
		"texturewidth": 64,
		"textureheight": 48,
		"visible_bounds_width": 3,
		"visible_bounds_height": 3,
		"visible_bounds_offset": [0, 0, 0],
		"bones": [
			{
				"name": "body",
				"pivot": [0, 24, 0],
				"cubes": [
					{"origin": [-4, 12, -2], "size": [8, 5, 4], "uv": [0, 39]},
					{"origin": [-6, 17, -3], "size": [12, 11, 6], "uv": [0, 18], "inflate": 0.25},
					{"origin": [-6, 27, -3], "size": [0, 7, 6], "uv": [34, 0], "inflate": 0.25},
					{"origin": [6, 27, -3], "size": [0, 7, 6], "uv": [34, 0], "inflate": 0.25},
					{"origin": [-1, 24, -4], "size": [2, 2, 2], "uv": [56, 27], "inflate": 0.25, "mirror": true},
					{"origin": [-4, 28, -4], "size": [8, 8, 8], "uv": [0, 0]},
					{"origin": [-4, 28, -4], "size": [8, 8, 8], "uv": [0, 0], "inflate": 0.5},
					{"origin": [3, 35, -5], "size": [0, 4, 0], "uv": [64, 22], "inflate": 0.5},
					{"origin": [-3, 35, -5], "size": [0, 4, 0], "uv": [64, 22], "inflate": 0.5},
					{"origin": [0, 35, -5], "size": [0, 5, 0], "uv": [64, 22], "inflate": 0.5}
				]
			},
			{
				"name": "head",
				"pivot": [0, 28, 0]
			},
			{
				"name": "leftArm",
				"pivot": [7, 22.5, 0],
				"cubes": [
					{"origin": [8, 10, -2], "size": [4, 18, 4], "uv": [48, 0], "inflate": 0.25}
				]
			},
			{
				"name": "rightArm",
				"pivot": [-7, 22.5, 0],
				"cubes": [
					{"origin": [-12, 10, -2], "size": [4, 18, 4], "uv": [48, 0], "inflate": 0.25, "mirror": true}
				]
			},
			{
				"name": "leftLeg",
				"pivot": [1.9, 12, 0],
				"cubes": [
					{"origin": [0, 0, -2], "size": [4, 12, 4], "uv": [48, 32]}
				]
			},
			{
				"name": "rightLeg",
				"pivot": [-1.9, 12, 0],
				"cubes": [
					{"origin": [-4, 0, -2], "size": [4, 12, 4], "uv": [48, 32], "mirror": true}
				]
			}
		]
	}
}