{
	"format_version": "1.10.0",
	"geometry.ax": {
		"texturewidth": 64,
		"textureheight": 36,
		"visible_bounds_width": 3,
		"visible_bounds_height": 3,
		"visible_bounds_offset": [0, 0, 0],
		"bones": [
			{
				"name": "body",
				"pivot": [0, 24, 0],
				"cubes": [
					{"origin": [-4, 12, -2], "size": [8, 12, 4], "uv": [0, 20]},
					{"origin": [-6, 17, -2], "size": [12, 9, 4], "uv": [24, 14], "inflate": 0.25},
					{"origin": [-1, 20, -3], "size": [2, 2, 2], "uv": [56, 15], "inflate": 0.25, "mirror": true}
				]
			},
			{
				"name": "head",
				"pivot": [0, 26, 0],
				"cubes": [
					{"origin": [-4, 26, -4], "size": [8, 8, 8], "uv": [0, 0]},
					{"origin": [-4, 26, -4], "size": [8, 8, 8], "uv": [0, 0], "inflate": 0.5},
					{"origin": [3, 33, -5], "size": [0, 4, 0], "uv": [52, 4], "inflate": 0.5},
					{"origin": [0, 33, -5], "size": [0, 5, 0], "uv": [53, 9], "inflate": 0.5},
					{"origin": [-3, 33, -5], "size": [0, 4, 0], "uv": [52, 7], "inflate": 0.5}
				]
			},
			{
				"name": "leftArm",
				"pivot": [7, 22.5, 0],
				"cubes": [
					{"origin": [6, 13, -2], "size": [4, 12, 4], "uv": [32, 48]},
					{"origin": [6, 10, -2], "size": [4, 15, 4], "uv": [22, 14], "inflate": 0.25}
				]
			},
			{
				"name": "rightArm",
				"pivot": [-7, 22.5, 0],
				"cubes": [
					{"origin": [-10, 13, -2], "size": [4, 12, 4], "uv": [40, 16]},
					{"origin": [-10, 10, -2], "size": [4, 15, 4], "uv": [0, 17], "inflate": 0.25}
				]
			},
			{
				"name": "leftLeg",
				"pivot": [1.9, 12, 0],
				"cubes": [
					{"origin": [0, 0, -2], "size": [4, 12, 4], "uv": [24, 20]}
				]
			},
			{
				"name": "rightLeg",
				"pivot": [-1.9, 12, 0],
				"cubes": [
					{"origin": [-4, 0, -2], "size": [4, 12, 4], "uv": [0, 20]}
				]
			}
		]
	}
}