{
	"format_version": "1.10.0",
	"geometry.bala": {
		"texturewidth": 128,
		"textureheight": 128,
		"visible_bounds_width": 3,
		"visible_bounds_height": 3,
		"visible_bounds_offset": [0, 0, 0],
		"bones": [
			{
				"name": "body",
				"pivot": [0, 24, 0],
				"cubes": [
					{"origin": [-8, 9, -4], "size": [16, 15, 8], "uv": [0, 23]},
					{"origin": [-10, 21, -4], "size": [20, 12, 8], "uv": [0, 0], "inflate": 0.25},
					{"origin": [-1, 29, -5], "size": [2, 2, 1], "uv": [122, 30]}
				]
			},
			{
				"name": "leftArm",
				"pivot": [5, 21.5, 0],
				"cubes": [
					{"origin": [10, 12, -4], "size": [6, 21, 8], "uv": [100, 0]}
				]
			},
			{
				"name": "rightArm",
				"pivot": [-5, 21.5, 0],
				"cubes": [
					{"origin": [-16, 12, -4], "size": [6, 21, 8], "uv": [100, 0], "mirror": true}
				]
			},
			{
				"name": "leftLeg",
				"pivot": [1.9, 12, 0],
				"cubes": [
					{"origin": [2, 0, -4], "size": [6, 12, 7], "uv": [102, 109], "inflate": 0.25, "mirror": true}
				]
			},
			{
				"name": "rightLeg",
				"pivot": [-1.9, 12, 0],
				"cubes": [
					{"origin": [-8, 0, -4], "size": [6, 12, 7], "uv": [102, 109], "inflate": 0.25}
				]
			}
		]
	}
}