{
	"format_version": "1.12.0",
	"minecraft:geometry": [
		{
			"description": {
				"identifier": "geometry.besta",
				"texture_width": 64,
				"texture_height": 64,
				"visible_bounds_width": 3,
				"visible_bounds_height": 3,
				"visible_bounds_offset": [0, 0, 0]
			},
			"bones": [
				{
					"name": "body",
					"pivot": [0, 24, 0],
					"cubes": [
						{"origin": [-4.08, 13, -9.04], "size": [7.16, 6, 7.08], "uv": [0, 34]},
						{"origin": [-5.08, 8, -1.04], "size": [9.16, 5, 7.08], "pivot": [0, -4, 4], "rotation": [-10, 0, 0], "uv": [32, 17]},
						{"origin": [-6.08, 18, 9.96], "size": [11.16, 9, 8.08], "pivot": [0, 6, 14], "rotation": [60, 0, 0], "uv": [26, 0]},
						{"origin": [-1.66, 21, 9.96], "size": [2.16, 2, 1.08], "pivot": [0, 5, 14], "rotation": [60, 0, 0], "uv": [26, 0]},
						{"origin": [-1.08, 21, 11], "size": [1.16, 1, 4.5], "pivot": [0, 6, 17], "rotation": [40, 0, 0], "uv": [54, 29]},
						{"origin": [-1.08, 29, 9.96], "size": [1.16, 2, 5.08], "pivot": [0, 15, 14], "rotation": [60, 0, 0], "uv": [52, 29]},
						{"origin": [-1.08, 24, 10.96], "size": [1.16, 2, 5.08], "pivot": [0, 10, 15], "rotation": [50, 0, 0], "uv": [52, 29]}
					]
				},
				{
					"name": "rightleg",
					"pivot": [-1.9, 12, 0],
					"cubes": [
						{"origin": [-5.08, 5, 1.96], "size": [2.08, 4, 2.08], "pivot": [-2, 0, 4], "rotation": [-30, 0, 0], "uv": [0, 13]},
						{"origin": [-6.08, 0, 4.96], "size": [4.08, 5, 3.08], "uv": [8, 13]}
					]
				},
				{
					"name": "leftleg",
					"pivot": [1.9, 12, 0],
					"cubes": [
						{"origin": [1, 0, 4.96], "size": [4.08, 5, 3.08], "uv": [8, 13]},
						{"origin": [2, 5, 1.96], "size": [2.08, 4, 2.08], "pivot": [-1, 0, 4], "rotation": [-30, 0, 0], "uv": [0, 13], "mirror": true}
					]
				},
				{
					"name": "rightarm",
					"pivot": [-5, 22, 0],
					"cubes": [
						{"origin": [-7.92, 8, -2.04], "size": [2.08, 5, 2.08], "uv": [0, 13], "mirror": true},
						{"origin": [-9.92, 1, -7.04], "size": [4.08, 8, 4.08], "pivot": [-2, -11, -5], "rotation": [-15, 0, 0], "uv": [0, 21], "mirror": true}
					]
				},
				{
					"name": "leftarm",
					"pivot": [5, 22, 0],
					"cubes": [
						{"origin": [5.08, 1, -6.04], "size": [4.08, 8, 4.08], "pivot": [1, -11, -4], "rotation": [-15, 0, 0], "uv": [0, 21]},
						{"origin": [5.08, 8, -1.04], "size": [2.08, 5, 2.08], "uv": [0, 13], "mirror": true}
					]
				}
			]
		}
	]
}