{
	"format_version": "1.12.0",
	"minecraft:geometry": [
		{
			"description": {
				"identifier": "geometry.bigchuck",
				"texture_width": 128,
				"texture_height": 128,
				"visible_bounds_width": 5,
				"visible_bounds_height": 5,
				"visible_bounds_offset": [0, 0, 0]
			},
			"bones": [
				{
					"name": "body",
					"pivot": [0, 24, 0],
					"cubes": [
						{"origin": [-9.08, 16, -5.04], "size": [18.16, 14, 10.08], "uv": [72, 0]},
						{"origin": [-7.08, 30, -4.04], "size": [14.16, 9, 9.08], "uv": [82, 41]},
						{"origin": [-15.08, 21, -6.04], "size": [4.08, 16, 4.08], "pivot": [-20, 17, -4], "rotation": [-10, 0, 15], "uv": [0, 108]},
						{"origin": [12.08, 18, -6.04], "size": [4.08, 16, 4.08], "pivot": [8, 14, -4], "rotation": [-10, 0, -15], "uv": [0, 108], "mirror": true},
						{"origin": [-5.58, 39, -7.08], "size": [11.16, 13, 11.16], "uv": [0, 0]},
						{"origin": [3.42, 41, 3.92], "size": [1.16, 3, 4.16], "uv": [0, 34]},
						{"origin": [-4.58, 49, 3.92], "size": [1.16, 3, 4.16], "uv": [0, 34]},
						{"origin": [-4.58, 45, 3.92], "size": [1.16, 3, 4.16], "uv": [0, 34]},
						{"origin": [-4.58, 41, 3.92], "size": [1.16, 3, 4.16], "uv": [0, 34]},
						{"origin": [3.42, 49, 3.92], "size": [1.16, 3, 4.16], "uv": [0, 34]},
						{"origin": [3.42, 45, 3.92], "size": [1.16, 3, 4.16], "uv": [0, 34]},
						{"origin": [-1.58, 52, -7.08], "size": [3.16, 14, 7.16], "uv": [47, 0]},
						{"origin": [10.42, 26, -2.58], "size": [3.16, 16, 2.16], "uv": [0, 84], "mirror": true},
						{"origin": [-12.58, 26, -2.58], "size": [3.16, 16, 2.16], "uv": [0, 84]},
						{"origin": [-2.16, 29.5, -6.04], "size": [4.16, 4, 2.08], "uv": [116, 87]}
					]
				},
				{
					"name": "rightleg",
					"pivot": [-2.9, 12, 0],
					"cubes": [
						{"origin": [-9.08, 9, -4.04], "size": [4.08, 8, 4.08], "pivot": [-3, 0, -2], "rotation": [-5, 0, 10], "uv": [112, 116]},
						{"origin": [-7.488, 0, -3.244], "size": [4.488, 10, 4.488], "uv": [60, 90], "mirror": true}
					]
				},
				{
					"name": "leftleg",
					"pivot": [2.9, 12, 0],
					"cubes": [
						{"origin": [3, 0, -3.244], "size": [4.488, 10, 4.488], "uv": [60, 90]},
						{"origin": [5, 9, -4.04], "size": [4.08, 8, 4.08], "pivot": [3, 0, -2], "rotation": [-5, 0, -10], "uv": [112, 116], "mirror": true}
					]
				}
			]
		}
	]
}