{
	"format_version": "1.12.0",
	"minecraft:geometry": [
		{
			"description": {
				"identifier": "geometry.bl",
				"texture_width": 128,
				"texture_height": 128,
				"visible_bounds_width": 5,
				"visible_bounds_height": 3,
				"visible_bounds_offset": [0, 0, 0]
			},
			"bones": [
				{
					"name": "body",
					"pivot": [0, 24, 0],
					"cubes": [
						{"origin": [-6, 24, -11], "size": [12, 6, 7], "inflate": 0.25, "pivot": [0, 12, -11], "rotation": [-45, 0, 0], "uv": [90, 33]},
						{"origin": [-8, 26, -20], "size": [16, 7, 12], "inflate": 0.25, "pivot": [0, 14, -15], "rotation": [-35, 0, 0], "uv": [72, 0]},
						{"origin": [-1, 30, -15], "size": [2, 2, 2], "inflate": 0.25, "pivot": [-7, 18, -10], "rotation": [-35, 0, 0], "uv": [0, 60]},
						{"origin": [-1, 27, -11], "size": [2, 2, 2], "inflate": 0.25, "pivot": [-7, 15, -6], "rotation": [-35, 0, 0], "uv": [0, 60]},
						{"origin": [-4, 23, -18], "size": [8, 6, 7], "pivot": [-1, 3, -14], "rotation": [-60, 0, 0], "uv": [98, 68]},
						{"origin": [-1, 25, -20.2], "size": [2, 1, 2], "pivot": [0, 6, -18], "rotation": [-35, 0, 0], "uv": [48, 6]},
						{"origin": [-3.5, 26, -22], "size": [7, 4, 5], "uv": [1, 27]},
						{"origin": [-3, 26, -21], "size": [6, 7, 13], "uv": [0, 0]},
						{"origin": [-1, 32, -19], "size": [2, 2, 2], "uv": [0, 44]},
						{"origin": [-1, 32, -12], "size": [2, 2, 2], "uv": [0, 52]}
					]
				},
				{
					"name": "waist",
					"pivot": [0, 17, 0]
				},
				{
					"name": "head",
					"pivot": [0, 24, 0]
				},
				{
					"name": "rightArm",
					"pivot": [-6, 22, 0],
					"cubes": [
						{"origin": [-18, 0, -12], "size": [6, 18, 7], "inflate": 0.25, "uv": [102, 103]},
						{"origin": [-16, 4, -13], "size": [2, 2, 2], "inflate": 0.25, "uv": [0, 93]},
						{"origin": [-16, 8, -13], "size": [2, 2, 2], "inflate": 0.25, "uv": [0, 93]},
						{"origin": [-6, 44, -12], "size": [12, 6, 7], "pivot": [10, 26, 0], "rotation": [0, 0, -70], "uv": [0, 115]},
						{"origin": [0, 42, -13], "size": [2, 2, 2], "pivot": [6, 24, -1], "rotation": [0, 0, -70], "uv": [0, 85]},
						{"origin": [15, 0, -12], "size": [6, 18, 7], "inflate": 0.25, "pivot": [9, 0, 0], "rotation": [0, 0, -10], "uv": [102, 103], "mirror": true},
						{"origin": [16, 3.5, -13], "size": [2, 2, 2], "inflate": 0.25, "pivot": [6, 3, -1], "rotation": [0, 0, -10], "uv": [0, 93], "mirror": true},
						{"origin": [15, 7.5, -13], "size": [2, 2, 2], "inflate": 0.25, "pivot": [5, 8, -1], "rotation": [0, 0, -10], "uv": [0, 93], "mirror": true},
						{"origin": [-7, 41, -12], "size": [12, 6, 7], "pivot": [-11, 23, 5], "rotation": [0, 0, 60], "uv": [0, 115], "mirror": true},
						{"origin": [2, 48, -13], "size": [2, 2, 2], "pivot": [-12, 30, 4], "rotation": [0, 0, 60], "uv": [0, 76], "mirror": true}
					]
				},
				{
					"name": "rightLeg",
					"pivot": [-1.9, 12, 0],
					"cubes": [
						{"origin": [4, 0, 5], "size": [3, 8, 3], "inflate": 0.25, "uv": [58, 82], "mirror": true},
						{"origin": [6, 6, 5], "size": [3, 7, 3], "pivot": [4, 1, 2], "rotation": [0, 0, -15], "uv": [58, 118]},
						{"origin": [-7, 0, 5], "size": [3, 8, 3], "inflate": 0.25, "uv": [58, 82]},
						{"origin": [-9, 6, 5], "size": [3, 7, 3], "pivot": [-4, 1, 2], "rotation": [0, 0, 15], "uv": [58, 118], "mirror": true}
					]
				},
				{
					"name": "leftLeg",
					"pivot": [1.9, 12, 0],
					"mirror": true
				}
			]
		}
	]
}