{
	"format_version": "1.10.0",
	"geometry.crsq": {
		"texturewidth": 128,
		"textureheight": 128,
		"visible_bounds_width": 3,
		"visible_bounds_height": 3,
		"visible_bounds_offset": [0, 0, 0],
		"bones": [
			{
				"name": "body",
				"pivot": [0, 24, 0],
				"cubes": [
					{"origin": [-4, 14, -2], "size": [8, 7, 4], "uv": [104, 0]},
					{"origin": [-6, 21, -3], "size": [12, 7, 5], "uv": [50, 0], "inflate": 0.25},
					{"origin": [-1, 14, 3], "size": [2, 2, 6], "uv": [0, 28], "inflate": 0.25},
					{"origin": [-1, 16.5, -2.5], "size": [2, 2, 2], "uv": [120, 26], "inflate": 0.25}
				]
			},
			{
				"name": "head",
				"pivot": [0, 24, 0],
				"cubes": [
					{"origin": [-4, 28, -4], "size": [8, 8, 8], "uv": [0, 0]},
					{"origin": [-2, 34, -4.2], "size": [4, 7, 1], "uv": [118, 64]}
				]
			},
			{
				"name": "leftArm",
				"pivot": [5, 21.5, 0],
				"rotation": [20, 0, 0],
				"cubes": [
					{"origin": [6, 15.31596, -0.12061], "size": [4, 12, 4], "uv": [112, 40], "inflate": 0.25},
					{"origin": [6, 11.31596, -10.12061], "size": [4, 4, 14], "uv": [92, 85], "inflate": 0.25}
				]
			},
			{
				"name": "rightArm",
				"pivot": [-5, 21.5, 0],
				"rotation": [20, 0, 0],
				"cubes": [
					{"origin": [-10, 15.31596, -0.12061], "size": [4, 12, 4], "uv": [112, 40], "inflate": 0.25, "mirror": true},
					{"origin": [-10, 11.31596, -10.12061], "size": [4, 4, 14], "uv": [92, 85], "inflate": 0.25, "mirror": true}
				]
			},
			{
				"name": "leftLeg",
				"pivot": [1.9, 12, 2],
				"cubes": [
					{"origin": [1, 0, -1], "size": [2, 15, 4], "uv": [0, 118]}
				]
			},
			{
				"name": "rightLeg",
				"pivot": [-1.9, 12, 4],
				"cubes": [
					{"origin": [-3, 0, -1], "size": [2, 15, 4], "uv": [0, 118], "mirror": true}
				]
			}
		]
	}
}