{
	"format_version": "1.10.0",
	"geometry.di": {
		"texturewidth": 128,
		"textureheight": 128,
		"visible_bounds_width": 3,
		"visible_bounds_height": 3,
		"visible_bounds_offset": [0, 0, 0],
		"bones": [
			{
				"name": "body",
				"pivot": [0, 24, 0],
				"cubes": [
					{"origin": [-4, 12, -2], "size": [8, 8, 4], "uv": [0, 33]},
					{"origin": [-6, 20, -3], "size": [12, 9, 6], "uv": [92, 0]},
					{"origin": [3, 27, 3], "size": [2, 2, 8], "uv": [108, 118]},
					{"origin": [-5, 27, 3], "size": [2, 2, 8], "uv": [108, 118]},
					{"origin": [-4, 22, 3], "size": [2, 2, 6], "uv": [112, 120]},
					{"origin": [2, 22, 3], "size": [2, 2, 6], "uv": [112, 120]},
					{"origin": [2, 24.5, -4], "size": [2, 2, 1], "uv": [122, 50]}
				]
			},
			{
				"name": "waist",
				"pivot": [0, 12, 0]
			},
			{
				"name": "head",
				"pivot": [0, 22, 0],
				"cubes": [
					{"origin": [-4, 28, -5], "size": [8, 3, 2], "uv": [108, 123]},
					{"origin": [-3, 33, 4], "size": [6, 3, 5], "uv": [106, 120]},
					{"origin": [-4, 34, -5], "size": [8, 3, 2], "uv": [108, 123]}
				]
			},
			{
				"name": "hat",
				"pivot": [0, 22, 0],
				"cubes": [
					{"origin": [-3, 29, -4], "size": [6, 7, 8], "uv": [0, 0], "inflate": 0.5}
				]
			},
			{
				"name": "rightarm",
				"pivot": [-5, 22, 0],
				"cubes": [
					{"origin": [-10, 9, -2], "size": [4, 20, 4], "uv": [40, 16]},
					{"origin": [-11, 25, -3], "size": [5, 4, 6], "uv": [40, 16]},
					{"origin": [-11, 8, -3], "size": [5, 10, 6], "uv": [40, 16]}
				]
			},
			{
				"name": "leftarm",
				"pivot": [5, 22, 0],
				"mirror": true,
				"cubes": [
					{"origin": [6, 9, -2], "size": [4, 20, 4], "uv": [40, 16]},
					{"origin": [6, 25, -3], "size": [5, 4, 6], "uv": [40, 16]},
					{"origin": [6, 8, -3], "size": [5, 10, 6], "uv": [40, 16]}
				]
			},
			{
				"name": "rightleg",
				"pivot": [-1.9, 12, 0],
				"cubes": [
					{"origin": [-3.9, 0, -2], "size": [4, 12, 4], "uv": [0, 48]}
				]
			},
			{
				"name": "leftleg",
				"pivot": [1.9, 12, 0],
				"mirror": true,
				"cubes": [
					{"origin": [-0.1, 0, -2], "size": [4, 12, 4], "uv": [0, 67]}
				]
			}
		]
	}
}