{
	"format_version": "1.12.0",
	"minecraft:geometry": [
		{
			"description": {
				"identifier": "geometry.fa",
				"texture_width": 64,
				"texture_height": 64,
				"visible_bounds_width": 3,
				"visible_bounds_height": 3,
				"visible_bounds_offset": [0, 0, 0]
			},
			"bones": [
				{
					"name": "head",
					"pivot": [0, 24, 0],
					"cubes": [
						{"origin": [-4.08, 24, -4.08], "size": [8.16, 8, 8.16], "uv": [0, 0]},
						{"origin": [-3.08, 32, -2.08], "size": [6.16, 3, 4.16], "uv": [0, 0]},
						{"origin": [-1.08, 35, -1.08], "size": [7.16, 2, 2.16], "uv": [0, 0]},
						{"origin": [-1.08, 25, -3.5], "size": [4.16, 6, 1.16], "uv": [52, 16]}
					]
				},
				{
					"name": "body",
					"pivot": [0, 24, 0],
					"cubes": [
						{"origin": [-4.08, 12, -2.04], "size": [8.16, 12, 4.08], "uv": [0, 16]},
						{"origin": [-4.08, 12, -2.6], "size": [8.16, 12, 4.08], "uv": [0, 33]},
						{"origin": [-1.08, 19, -3], "size": [2.16, 2, 1.08], "uv": [58, 27]},
						{"origin": [-4.08, 4, 9.96], "size": [8.16, 12, 4.08], "pivot": [0, -8, 12], "rotation": [30, 0, 0], "uv": [24, 16]},
						{"origin": [3.92, 4, 9.96], "size": [8.16, 3, 4.08], "pivot": [8, -8, 12], "rotation": [30, 0, 0], "uv": [0, 57]},
						{"origin": [-7.92, 11, -7.04], "size": [4.08, 4, 14.08], "pivot": [0, -1, 5], "rotation": [10, 0, 0], "uv": [24, 32], "mirror": true},
						{"origin": [-3.92, 10, -5.04], "size": [1.08, 3, 1], "pivot": [4, -3, 8], "rotation": [10, 0, 0], "uv": [0, 58], "mirror": true},
						{"origin": [3.08, 10, -5.04], "size": [1.08, 3, 1], "pivot": [11, -3, 8], "rotation": [10, 0, 0], "uv": [0, 58], "mirror": true},
						{"origin": [-6.92, 9, -7.04], "size": [1.08, 4, 1], "pivot": [1, -3, 6], "rotation": [10, 0, 0], "uv": [0, 58], "mirror": true},
						{"origin": [-8.92, 9, -7.04], "size": [1.08, 4, 1], "pivot": [-1, -3, 6], "rotation": [10, 0, 0], "uv": [0, 58], "mirror": true},
						{"origin": [6.08, 9, -7.04], "size": [1.08, 4, 1], "pivot": [14, -3, 6], "rotation": [10, 0, 0], "uv": [0, 58], "mirror": true},
						{"origin": [8.08, 9, -7.04], "size": [1.08, 4, 1], "pivot": [16, -3, 6], "rotation": [10, 0, 0], "uv": [0, 58], "mirror": true},
						{"origin": [-4.92, 9, -7.04], "size": [1.08, 4, 1], "pivot": [3, -3, 6], "rotation": [10, 0, 0], "uv": [0, 58], "mirror": true},
						{"origin": [4.08, 9, -7.04], "size": [1.08, 4, 1], "pivot": [12, -3, 6], "rotation": [10, 0, 0], "uv": [0, 58], "mirror": true},
						{"origin": [-7.92, 12, 5.96], "size": [4.08, 12, 4.08], "pivot": [0, 0, 8], "rotation": [20, 0, 0], "uv": [48, 0], "mirror": true},
						{"origin": [4.08, 12, 5.96], "size": [4.08, 12, 4.08], "pivot": [0, 0, 8], "rotation": [20, 0, 0], "uv": [32, 0], "mirror": true},
						{"origin": [4.08, 11, -7.04], "size": [4.08, 4, 14.08], "pivot": [0, -1, 5], "rotation": [10, 0, 0], "uv": [28, 46], "mirror": true}
					]
				}
			]
		}
	]
}