{
	"format_version": "1.12.0",
	"minecraft:geometry": [
		{
			"description": {
				"identifier": "geometry.gigante",
				"texture_width": 128,
				"texture_height": 128,
				"visible_bounds_width": 4,
				"visible_bounds_height": 3,
				"visible_bounds_offset": [0, 0, 0]
			},
			"bones": [
				{
					"name": "body",
					"pivot": [0, 29, 0]
				},
				{
					"name": "rightleg",
					"pivot": [-1.9, 12, 0]
				},
				{
					"name": "leftleg",
					"pivot": [1.9, 12, 0],
					"cubes": [
						{"origin": [-14, 13, -6.04], "size": [30.08, 28, 26.08], "pivot": [2, 13, 9], "rotation": [50, 0, 0], "uv": [0, 0]}
					]
				},
				{
					"name": "rightarm",
					"pivot": [-7, 27, 0]
				},
				{
					"name": "leftarm",
					"pivot": [7, 27, 0]
				}
			]
		}
	]
}