{
	"format_version": "1.12.0",
	"minecraft:geometry": [
		{
			"description": {
				"identifier": "geometry.goop",
				"texture_width": 64,
				"texture_height": 64,
				"visible_bounds_width": 4,
				"visible_bounds_height": 3,
				"visible_bounds_offset": [0, 0, 0]
			},
			"bones": [
				{
					"name": "head",
					"pivot": [0, 24, 0],
					"cubes": [
						{
							"origin": [-3.08, 24, -2.08],
							"size": [6.16, 9, 4.16],
							"uv": {
								"north": {"uv": [4, 4], "uv_size": [6, 9]},
								"east": {"uv": [0, 4], "uv_size": [4, 9]},
								"south": {"uv": [14, 4], "uv_size": [6, 9]},
								"west": {"uv": [10, 4], "uv_size": [4, 9]},
								"up": {"uv": [4, 0], "uv_size": [6, 4]},
								"down": {"uv": [16, 4], "uv_size": [-6, -4]}
							}
						},
						{
							"origin": [-1.08, 34, -12.08],
							"size": [2.16, 6, 3.16],
							"pivot": [0, 10, -10],
							"rotation": [-25, 0, 0],
							"uv": {
								"north": {"uv": [22, 26], "uv_size": [2, 6]},
								"east": {"uv": [19, 26], "uv_size": [3, 6]},
								"south": {"uv": [27, 26], "uv_size": [2, 6]},
								"west": {"uv": [24, 26], "uv_size": [3, 6]},
								"up": {"uv": [22, 23], "uv_size": [2, 3]},
								"down": {"uv": [26, 26], "uv_size": [-2, -3]}
							}
						}
					]
				},
				{
					"name": "body",
					"pivot": [0, 24, 0],
					"cubes": [
						{
							"origin": [-4.08, 12, -2.04],
							"size": [8.16, 12, 4.08],
							"uv": {
								"north": {"uv": [20, 20], "uv_size": [8, 12]},
								"east": {"uv": [16, 20], "uv_size": [4, 12]},
								"south": {"uv": [32, 20], "uv_size": [8, 12]},
								"west": {"uv": [28, 20], "uv_size": [4, 12]},
								"up": {"uv": [20, 16], "uv_size": [8, 4]},
								"down": {"uv": [36, 20], "uv_size": [-8, -4]}
							}
						},
						{
							"origin": [-1.1016, 44, -1.0808],
							"size": [2.2032, 3, 2],
							"uv": {
								"north": {"uv": [58, 22], "uv_size": [2, 3]},
								"east": {"uv": [56, 22], "uv_size": [2, 3]},
								"south": {"uv": [62, 22], "uv_size": [2, 3]},
								"west": {"uv": [60, 22], "uv_size": [2, 3]},
								"up": {"uv": [58, 20], "uv_size": [2, 2]},
								"down": {"uv": [62, 22], "uv_size": [-2, -2]}
							}
						},
						{
							"origin": [-0.6032, 42, -0.54],
							"size": [1.2032, 2, 1],
							"uv": {
								"north": {"uv": [61, 28], "uv_size": [1, 2]},
								"east": {"uv": [60, 28], "uv_size": [1, 2]},
								"south": {"uv": [63, 28], "uv_size": [1, 2]},
								"west": {"uv": [62, 28], "uv_size": [1, 2]},
								"up": {"uv": [61, 27], "uv_size": [1, 1]},
								"down": {"uv": [63, 28], "uv_size": [-1, -1]}
							}
						},
						{
							"origin": [-2.1016, 45, -2.0808],
							"size": [4.2032, 1, 4],
							"uv": {
								"north": {"uv": [52, 36], "uv_size": [4, 1]},
								"east": {"uv": [48, 36], "uv_size": [4, 1]},
								"south": {"uv": [60, 36], "uv_size": [4, 1]},
								"west": {"uv": [56, 36], "uv_size": [4, 1]},
								"up": {"uv": [52, 32], "uv_size": [4, 4]},
								"down": {"uv": [60, 36], "uv_size": [-4, -4]}
							}
						}
					]
				},
				{
					"name": "rightleg",
					"pivot": [-1.9, 12, 0],
					"cubes": [
						{
							"origin": [-6.08, 0, -2.04],
							"size": [4.08, 8, 4.08],
							"uv": {
								"north": {"uv": [20, 56], "uv_size": [4, 8]},
								"east": {"uv": [16, 56], "uv_size": [4, 8]},
								"south": {"uv": [28, 56], "uv_size": [4, 8]},
								"west": {"uv": [24, 56], "uv_size": [4, 8]},
								"up": {"uv": [20, 52], "uv_size": [4, 4]},
								"down": {"uv": [28, 56], "uv_size": [-4, -4]}
							}
						},
						{
							"origin": [-7.08, 5, -2.04],
							"size": [4.08, 8, 4.08],
							"pivot": [-3, 1, 0],
							"rotation": [0, 0, 15],
							"uv": {
								"north": {"uv": [32, 52], "uv_size": [4, 8]},
								"east": {"uv": [28, 52], "uv_size": [4, 8]},
								"south": {"uv": [40, 52], "uv_size": [4, 8]},
								"west": {"uv": [36, 52], "uv_size": [4, 8]},
								"up": {"uv": [32, 48], "uv_size": [4, 4]},
								"down": {"uv": [40, 52], "uv_size": [-4, -4]}
							}
						}
					]
				},
				{
					"name": "leftleg",
					"pivot": [1.9, 12, 0],
					"cubes": [
						{
							"origin": [3, 5, -2.04],
							"size": [4.08, 8, 4.08],
							"pivot": [3, 1, 0],
							"rotation": [0, 0, -15],
							"uv": {
								"north": {"uv": [36, 52], "uv_size": [-4, 8]},
								"east": {"uv": [40, 52], "uv_size": [-4, 8]},
								"south": {"uv": [44, 52], "uv_size": [-4, 8]},
								"west": {"uv": [32, 52], "uv_size": [-4, 8]},
								"up": {"uv": [36, 48], "uv_size": [-4, 4]},
								"down": {"uv": [36, 52], "uv_size": [4, -4]}
							}
						},
						{
							"origin": [2, 0, -2.04],
							"size": [4.08, 8, 4.08],
							"uv": {
								"north": {"uv": [24, 56], "uv_size": [-4, 8]},
								"east": {"uv": [28, 56], "uv_size": [-4, 8]},
								"south": {"uv": [32, 56], "uv_size": [-4, 8]},
								"west": {"uv": [20, 56], "uv_size": [-4, 8]},
								"up": {"uv": [24, 52], "uv_size": [-4, 4]},
								"down": {"uv": [24, 56], "uv_size": [4, -4]}
							}
						}
					]
				},
				{
					"name": "rightarm",
					"pivot": [-5, 22, 0],
					"cubes": [
						{
							"origin": [-18.08, 15, -2.04],
							"size": [4.08, 9, 4.08],
							"pivot": [-10, 0, 0],
							"rotation": [0, 0, 25],
							"uv": {
								"north": {"uv": [8, 20], "uv_size": [-4, 9]},
								"east": {"uv": [12, 20], "uv_size": [-4, 9]},
								"south": {"uv": [16, 20], "uv_size": [-4, 9]},
								"west": {"uv": [4, 20], "uv_size": [-4, 9]},
								"up": {"uv": [8, 16], "uv_size": [-4, 4]},
								"down": {"uv": [8, 20], "uv_size": [4, -4]}
							}
						},
						{
							"origin": [-11.08, 8, -2.04],
							"size": [4.08, 9, 4.08],
							"uv": {
								"north": {"uv": [48, 23], "uv_size": [-4, 9]},
								"east": {"uv": [52, 23], "uv_size": [-4, 9]},
								"south": {"uv": [56, 23], "uv_size": [-4, 9]},
								"west": {"uv": [44, 23], "uv_size": [-4, 9]},
								"up": {"uv": [48, 19], "uv_size": [-4, 4]},
								"down": {"uv": [48, 23], "uv_size": [4, -4]}
							}
						},
						{
							"origin": [-7.08, 27, -12.04],
							"size": [2.08, 9, 3.08],
							"pivot": [-1, 12, -10],
							"rotation": [-40, 0, 0],
							"uv": {
								"north": {"uv": [45, 22], "uv_size": [-2, 9]},
								"east": {"uv": [48, 22], "uv_size": [-3, 9]},
								"south": {"uv": [50, 22], "uv_size": [-2, 9]},
								"west": {"uv": [43, 22], "uv_size": [-3, 9]},
								"up": {"uv": [45, 19], "uv_size": [-2, 3]},
								"down": {"uv": [45, 22], "uv_size": [2, -3]}
							}
						}
					]
				},
				{
					"name": "leftarm",
					"pivot": [5, 22, 0],
					"cubes": [
						{
							"origin": [14.08, 15, -2.04],
							"size": [4.08, 9, 4.08],
							"pivot": [10, 0, 0],
							"rotation": [0, 0, -25],
							"uv": {
								"north": {"uv": [4, 20], "uv_size": [4, 9]},
								"east": {"uv": [0, 20], "uv_size": [4, 9]},
								"south": {"uv": [12, 20], "uv_size": [4, 9]},
								"west": {"uv": [8, 20], "uv_size": [4, 9]},
								"up": {"uv": [4, 16], "uv_size": [4, 4]},
								"down": {"uv": [12, 20], "uv_size": [-4, -4]}
							}
						},
						{
							"origin": [7.08, 8, -2.04],
							"size": [4.08, 9, 4.08],
							"uv": {
								"north": {"uv": [44, 23], "uv_size": [4, 9]},
								"east": {"uv": [40, 23], "uv_size": [4, 9]},
								"south": {"uv": [52, 23], "uv_size": [4, 9]},
								"west": {"uv": [48, 23], "uv_size": [4, 9]},
								"up": {"uv": [44, 19], "uv_size": [4, 4]},
								"down": {"uv": [52, 23], "uv_size": [-4, -4]}
							}
						},
						{
							"origin": [5.08, 27, -12.04],
							"size": [2.08, 9, 3.08],
							"pivot": [1, 12, -10],
							"rotation": [-40, 0, 0],
							"uv": {
								"north": {"uv": [43, 22], "uv_size": [2, 9]},
								"east": {"uv": [40, 22], "uv_size": [3, 9]},
								"south": {"uv": [48, 22], "uv_size": [2, 9]},
								"west": {"uv": [45, 22], "uv_size": [3, 9]},
								"up": {"uv": [43, 19], "uv_size": [2, 3]},
								"down": {"uv": [47, 22], "uv_size": [-2, -3]}
							}
						}
					]
				}
			]
		}
	]
}