{
	"format_version": "1.12.0",
	"minecraft:geometry": [
		{
			"description": {
				"identifier": "geometry.inv2",
				"texture_width": 64,
				"texture_height": 64,
				"visible_bounds_width": 3,
				"visible_bounds_height": 3,
				"visible_bounds_offset": [0, 0, 0]
			},
			"bones": [
				{
					"name": "head",
					"pivot": [0, 26, 0]
				},
				{
					"name": "body",
					"pivot": [0, 24, 0],
					"cubes": [
						{"origin": [-5, 31, -4.3], "size": [3.5, 4, 0.25], "uv": [25, 50]},
						{"origin": [-5, 31, -4.5], "size": [3.5, 4, 0.25], "uv": [34, 51]},
						{"origin": [1.5, 31, -4.3], "size": [3.5, 4, 0.25], "uv": [24, 50]},
						{"origin": [1.5, 31, -4.5], "size": [3.5, 4, 0.25], "uv": [34, 51]},
						{"origin": [0.5, 30, -5], "size": [5, 1, 1], "uv": [31, 62]},
						{"origin": [-5.5, 30, -5], "size": [5, 1, 1], "uv": [31, 62]},
						{"origin": [-1.5, 30.5, -5], "size": [1, 6, 1], "pivot": [-1, 31, -5], "rotation": [0, 0, -10], "uv": [20, 58]},
						{"origin": [-4.08, 26, -4.08], "size": [8.16, 8, 8.16], "uv": [0, 0]},
						{"origin": [-4.08, 12, -2.04], "size": [8.16, 5, 4.08], "uv": [40, 0]},
						{"origin": [-6.08, 17, -3.04], "size": [12.16, 9, 6.08], "uv": [0, 16]},
						{"origin": [-1.1016, 13, -3.0808], "size": [2.2032, 2, 1.0816], "uv": [58, 10]},
						{"origin": [3, 23, -4], "size": [2, 2, 1], "uv": [58, 16]},
						{"origin": [-5, 23, -4], "size": [2, 2, 1], "uv": [58, 16]},
						{"origin": [-5, 24, 3], "size": [2, 2, 1], "uv": [58, 16]},
						{"origin": [-2, 20, 3], "size": [4, 4, 1], "uv": [54, 31]},
						{"origin": [-5, 18, 3], "size": [2, 2, 1], "uv": [58, 16]},
						{"origin": [3, 24, 3], "size": [2, 2, 1], "uv": [58, 16]},
						{"origin": [3, 18, 3], "size": [2, 2, 1], "uv": [58, 16]},
						{"origin": [0.5, 30, -5], "size": [1, 6, 1], "pivot": [4, 30, -5], "rotation": [0, 0, 10], "uv": [20, 58]}
					]
				},
				{
					"name": "rightleg",
					"pivot": [-1.9, 12, 0],
					"cubes": [
						{"origin": [-4.08, 0, -2.04], "size": [4.08, 12, 4.08], "uv": [48, 48]}
					]
				},
				{
					"name": "leftleg",
					"pivot": [1.9, 12, 0],
					"cubes": [
						{"origin": [0, 0, -2.04], "size": [4.08, 12, 4.08], "uv": [48, 48], "mirror": true}
					]
				},
				{
					"name": "rightarm",
					"pivot": [-5, 22, 0],
					"cubes": [
						{"origin": [-9.92, 8, -2.04], "size": [4.08, 18, 4.08], "uv": [0, 42]},
						{"origin": [-11, 23, -1], "size": [1, 2, 2], "uv": [0, 32]},
						{"origin": [-11, 15, -1], "size": [1, 2, 2], "uv": [0, 32]},
						{"origin": [-9, 20, -3], "size": [2, 2, 1], "uv": [58, 16]},
						{"origin": [-9, 13, -3], "size": [2, 2, 1], "uv": [58, 16]},
						{"origin": [-9, 20, 2], "size": [2, 2, 1], "uv": [58, 16]},
						{"origin": [-9, 13, 2], "size": [2, 2, 1], "uv": [58, 16]}
					]
				},
				{
					"name": "leftarm",
					"pivot": [5, 22, 0],
					"cubes": [
						{"origin": [6.08, 8, -2.04], "size": [4.08, 18, 4.08], "uv": [0, 42], "mirror": true},
						{"origin": [10, 23, -1], "size": [1, 2, 2], "uv": [0, 37]},
						{"origin": [10, 15, -1], "size": [1, 2, 2], "uv": [0, 37]},
						{"origin": [7, 13, 2], "size": [2, 2, 1], "uv": [58, 16]},
						{"origin": [7, 13, -3], "size": [2, 2, 1], "uv": [58, 16]},
						{"origin": [7, 20, -3], "size": [2, 2, 1], "uv": [58, 16]},
						{"origin": [7, 20, 2], "size": [2, 2, 1], "uv": [58, 16]}
					]
				}
			]
		}
	]
}