{
	"format_version": "1.10.0",
	"geometry.mob": {
		"texturewidth": 128,
		"textureheight": 128,
		"visible_bounds_width": 3,
		"visible_bounds_height": 3,
		"visible_bounds_offset": [0, 1.5, 0],
		"bones": [
			{
				"name": "bone",
				"pivot": [0, 0, 0],
				"cubes": [
					{"origin": [4, 0, -4], "size": [6, 13, 6], "uv": [52, 66]},
					{"origin": [-10, 10, -5], "size": [19, 13, 9], "uv": [0, 24]},
					{"origin": [-12, 23, -6], "size": [23, 13, 11], "uv": [0, 0]},
					{"origin": [-5, 36, -6], "size": [10, 10, 11], "uv": [45, 45]},
					{"origin": [-11, 0, -4], "size": [6, 13, 6], "uv": [56, 24]}
				]
			},
			{
				"name": "bone2",
				"pivot": [0, -3, 0],
				"cubes": [
					{"origin": [-18, 11, -4], "size": [6, 25, 7], "uv": [26, 59]}
				]
			},
			{
				"name": "bone3",
				"pivot": [29, 0, 15],
				"cubes": [
					{"origin": [11, 11, -4], "size": [6, 25, 7], "uv": [0, 46]}
				]
			}
		]
	}
}