{
	"format_version": "1.10.0",
	"geometry.navem": {
		"texturewidth": 32,
		"textureheight": 32,
		"visible_bounds_width": 2,
		"visible_bounds_height": 1,
		"visible_bounds_offset": [0, 0.5, 0],
		"bones": [
			{
				"name": "bone",
				"pivot": [-5, 0, 0],
				"rotation": [0, 0, 25],
				"cubes": [
					{"origin": [-10.09369, 8.42262, 0], "size": [1, 5, 1], "uv": [20, 0]}
				]
			},
			{
				"name": "bone2",
				"pivot": [14, 7, 0],
				"rotation": [0, 5, -40],
				"cubes": [
					{"origin": [7, 16, 0], "size": [1, 5, 1], "uv": [18, 19]}
				]
			},
			{
				"name": "bone3",
				"pivot": [4, 2, 11],
				"rotation": [35, 0, 0],
				"cubes": [
					{"origin": [-2, 10.57358, 10.18085], "size": [1, 5, 1], "uv": [0, 8]}
				]
			},
			{
				"name": "bone4",
				"pivot": [4, 17, 5],
				"rotation": [125, 0, 0],
				"cubes": [
					{"origin": [-2, 24.42642, 4.81915], "size": [1, 5, 1], "uv": [0, 0]}
				]
			},
			{
				"name": "bone5",
				"pivot": [0, 0, 0],
				"cubes": [
					{"origin": [-5, 12, -2], "size": [7, 2, 6], "uv": [0, 0]},
					{"origin": [-4, 14, -1], "size": [5, 4, 4], "uv": [0, 15]},
					{"origin": [-5, 17, -2], "size": [7, 1, 6], "uv": [0, 8]},
					{"origin": [-3, 18, 0], "size": [3, 2, 2], "uv": [14, 15]}
				]
			}
		]
	}
}