{
	"format_version": "1.10.0",
	"geometry.omx": {
		"texturewidth": 32,
		"textureheight": 32,
		"visible_bounds_width": 2,
		"visible_bounds_height": 1,
		"visible_bounds_offset": [0, 0, 0],
		"bones": [
			{
				"name": "leftArm",
				"pivot": [5, 22, 0],
				"mirror": true,
				"cubes": [
					{"origin": [3.38876, 12.58493, -2.63478], "size": [6.22834, 7.16716, 5.12594], "uv": [0, 0], "mirror": false},
					{"origin": [5.18603, 15, -4.20627], "size": [2.61397, 2.5472, 1.46863], "uv": [0, 20], "mirror": false},
					{"origin": [2.38876, 17.58493, -3.63478], "size": [2.22834, 1.16716, 1.12594], "uv": [8, 14], "mirror": false},
					{"origin": [2.38876, 13.58493, -3.63478], "size": [2.22834, 1.16716, 1.12594], "uv": [8, 12], "mirror": false},
					{"origin": [8.38876, 17.58493, -3.63478], "size": [2.22834, 1.16716, 1.12594], "uv": [0, 14], "mirror": false},
					{"origin": [2.38876, 17.58493, 2.36522], "size": [8.22834, 1.16716, 1.12594], "uv": [0, 30], "mirror": false},
					{"origin": [2.38876, 13.58493, 2.36522], "size": [8.22834, 1.16716, 1.12594], "uv": [0, 30], "mirror": false},
					{"origin": [8.38876, 13.58493, -3.63478], "size": [2.22834, 1.16716, 1.12594], "uv": [0, 12], "mirror": false},
					{"origin": [2.38876, 17.58493, -3.63478], "size": [1.22834, 1.16716, 6.12594], "uv": [16, 6], "mirror": false},
					{"origin": [2.38876, 13.58493, -3.63478], "size": [1.22834, 1.16716, 6.12594], "uv": [8, 13], "mirror": false},
					{"origin": [9.38876, 17.58493, -3.63478], "size": [1.22834, 1.16716, 6.12594], "uv": [16, 16], "mirror": false},
					{"origin": [9.38876, 13.58493, -3.63478], "size": [1.22834, 1.16716, 6.12594], "uv": [0, 12], "mirror": false}
				]
			}
		]
	}
}