{
	"format_version": "1.12.0",
	"minecraft:geometry": [
		{
			"description": {
				"identifier": "geometry.rath",
				"texture_width": 128,
				"texture_height": 128,
				"visible_bounds_width": 5,
				"visible_bounds_height": 3,
				"visible_bounds_offset": [0, 0, 0]
			},
			"bones": [
				{
					"name": "body",
					"pivot": [0, 24, 0],
					"cubes": [
						{"origin": [-4.08, 12, -2.04], "size": [8.16, 8, 4.08], "uv": [60, 0]},
						{"origin": [-7.08, 20, -4.04], "size": [14.16, 9, 6.08], "uv": [88, 0]},
						{"origin": [-16.92, 18, -0.04], "size": [4.08, 14, 4.08], "pivot": [-21, 8, 2], "rotation": [5, 0, 15], "uv": [112, 36]},
						{"origin": [13.08, 14.5, -0.04], "size": [4.08, 14, 4.08], "pivot": [9, 4, 2], "rotation": [5, 0, -15], "uv": [112, 36], "mirror": true},
						{"origin": [9.42, 9, -13.04], "size": [4.08, 12, 4.08], "pivot": [5, -4, -11], "rotation": [-30, 0, 0], "uv": [112, 18], "mirror": true},
						{"origin": [13.42, 7, -11.04], "size": [1.08, 5, 1.08], "pivot": [5, -4, -11], "rotation": [-30, 0, 0], "uv": [0, 18], "mirror": true},
						{"origin": [-13.92, 9, -13.04], "size": [4.08, 12, 4.08], "pivot": [-18, -4, -11], "rotation": [-30, 0, 0], "uv": [112, 18]},
						{"origin": [-14.92, 7, -11.04], "size": [1.08, 5, 1.08], "pivot": [-18, -4, -11], "rotation": [-30, 0, 0], "uv": [0, 18]},
						{"origin": [-4.08, 29, -6.08], "size": [8.16, 8, 9.16], "uv": [0, 0]},
						{"origin": [-23.08, 37, -6.5], "size": [5.16, 3, 1.16], "pivot": [-18, 5, 0], "rotation": [0, 0, 30], "uv": [0, 26]},
						{"origin": [17.44, 39.3, -6.5], "size": [5.16, 3, 1.16], "pivot": [22, 7, 1], "rotation": [0, 0, -30], "uv": [0, 26], "mirror": true},
						{"origin": [-1.16, 14.5, -3.5], "size": [2.16, 2, 1.08], "uv": [86, 24]},
						{"origin": [-2.16, 13.5, -2.5], "size": [4.16, 4, 1.08], "uv": [0, 38]}
					]
				},
				{
					"name": "rightleg",
					"pivot": [-2.9, 12, 0],
					"cubes": [
						{"origin": [-5.08, 6, -2.04], "size": [4.08, 6, 4.08], "uv": [112, 56]},
						{"origin": [-5.08, 0, -3.04], "size": [4.08, 1, 5.08], "uv": [0, 32]},
						{"origin": [-5.488, 1, -2.244], "size": [4.488, 5, 4.488], "uv": [112, 72], "mirror": true}
					]
				},
				{
					"name": "leftleg",
					"pivot": [2.9, 12, 0],
					"cubes": [
						{"origin": [1, 1, -2.244], "size": [4.488, 5, 4.488], "uv": [112, 72], "mirror": true},
						{"origin": [1, 6, -2.04], "size": [4.08, 6, 4.08], "uv": [112, 56], "mirror": true},
						{"origin": [1, 0, -3.04], "size": [4.08, 1, 5.08], "uv": [0, 32], "mirror": true}
					]
				}
			]
		}
	]
}