{
	"format_version": "1.10.0",
	"geometry.sf": {
		"texturewidth": 128,
		"textureheight": 128,
		"visible_bounds_width": 3,
		"visible_bounds_height": 3,
		"visible_bounds_offset": [0, 0, 0],
		"bones": [
			{
				"name": "body",
				"pivot": [0, 24, 0],
				"cubes": [
					{"origin": [-4, 12, -2], "size": [8, 8, 4], "uv": [104, 0]},
					{"origin": [-6, 20, -3], "size": [12, 8, 6], "uv": [50, 0], "inflate": 0.25},
					{"origin": [-5, 28, -3], "size": [-0.2, 9, 6], "uv": [0, 42], "inflate": 0.25},
					{"origin": [-5, 28, 3.2], "size": [9.8, 9, 0], "uv": [0, 42], "inflate": 0.25},
					{"origin": [5.2, 28, -3], "size": [-0.2, 9, 6], "uv": [0, 42], "inflate": 0.25},
					{"origin": [-4.8, 28, -3], "size": [-0.2, 9, 6], "uv": [0, 66], "inflate": 0.25},
					{"origin": [-4.5, 28, 3], "size": [9, 9, -0.2], "uv": [0, 66], "inflate": 0.25},
					{"origin": [5, 28, -3], "size": [-0.2, 9, 6], "uv": [0, 66], "inflate": 0.25},
					{"origin": [-1, 14.5, -2.5], "size": [2, 2, 2], "uv": [120, 26], "inflate": 0.25}
				]
			},
			{
				"name": "head",
				"pivot": [0, 24, 0],
				"cubes": [
					{"origin": [-4, 28, -5], "size": [8, 8, 7], "uv": [0, 0]},
					{"origin": [-2, 36, -5], "size": [4, 2, 5], "uv": [0, 64]}
				]
			},
			{
				"name": "leftArm",
				"pivot": [5, 20.5, 0],
				"cubes": [
					{"origin": [6, 10, -2], "size": [4, 17, 4], "uv": [112, 40], "inflate": 0.25},
					{"origin": [10, 26, -1], "size": [1, 3, 1], "uv": [112, 40], "inflate": 0.25},
					{"origin": [10, 26, -1], "size": [1, 3, 1], "uv": [112, 40], "inflate": 0.25},
					{"origin": [10, 17, -1], "size": [3, 1, 1], "uv": [1, 110], "inflate": 0.25},
					{"origin": [10, 13, -1], "size": [3, 1, 1], "uv": [1, 110], "inflate": 0.25},
					{"origin": [10, 7, 2], "size": [0, 3, 0], "uv": [128, 88], "inflate": 0.25},
					{"origin": [10, 7, -2], "size": [0, 3, 0], "uv": [128, 88], "inflate": 0.25},
					{"origin": [10, 7, 0], "size": [0, 3, 0], "uv": [128, 88], "inflate": 0.25},
					{"origin": [7, 7, -2], "size": [0, 3, 0], "uv": [128, 88], "inflate": 0.25}
				]
			},
			{
				"name": "rightArm",
				"pivot": [-5, 20.5, 0],
				"cubes": [
					{"origin": [-10, 10, -2], "size": [4, 17, 4], "uv": [112, 40], "inflate": 0.25, "mirror": true},
					{"origin": [-11, 26, -1], "size": [1, 3, 1], "uv": [4, 89], "inflate": 0.25, "mirror": true},
					{"origin": [-13, 17, -1], "size": [3, 1, 1], "uv": [0, 95], "inflate": 0.25, "mirror": true},
					{"origin": [-13, 13, -1], "size": [3, 1, 1], "uv": [0, 95], "inflate": 0.25, "mirror": true},
					{"origin": [-10, 7, -2], "size": [0, 3, 0], "uv": [128, 88], "inflate": 0.25},
					{"origin": [-7, 7, -2], "size": [0, 3, 0], "uv": [128, 88], "inflate": 0.25},
					{"origin": [-10, 7, 0], "size": [0, 3, 0], "uv": [128, 88], "inflate": 0.25},
					{"origin": [-10, 7, 2], "size": [0, 3, 0], "uv": [128, 88], "inflate": 0.25}
				]
			},
			{
				"name": "leftLeg",
				"pivot": [1.9, 12, 0],
				"cubes": [
					{"origin": [0, 0, -2], "size": [4, 12, 4], "uv": [112, 63]},
					{"origin": [0, 0, -2], "size": [4, 6, 4], "uv": [112, 118], "inflate": 0.25}
				]
			},
			{
				"name": "rightLeg",
				"pivot": [-1.9, 12, 0],
				"cubes": [
					{"origin": [-4, 0, -2], "size": [4, 12, 4], "uv": [112, 63], "mirror": true},
					{"origin": [-4, 0, -2], "size": [4, 6, 4], "uv": [112, 118], "inflate": 0.25, "mirror": true}
				]
			}
		]
	}
}