{
	"format_version": "1.10.0",
	"geometry.sq": {
		"texturewidth": 128,
		"textureheight": 128,
		"visible_bounds_width": 3,
		"visible_bounds_height": 3,
		"visible_bounds_offset": [0, 0, 0],
		"bones": [
			{
				"name": "body",
				"pivot": [0, 24, 0],
				"cubes": [
					{"origin": [-4, 12, -2], "size": [8, 9, 4], "uv": [104, 0]},
					{"origin": [-6, 21, -2], "size": [12, 7, 4], "uv": [50, 0], "inflate": 0.25},
					{"origin": [-1, 14.5, -2.5], "size": [2, 2, 2], "uv": [120, 26], "inflate": 0.25}
				]
			},
			{
				"name": "head",
				"pivot": [0, 24, 0],
				"cubes": [
					{"origin": [-4, 28, -4], "size": [8, 8, 8], "uv": [0, 0]},
					{"origin": [-1, 34, -4], "size": [2, 4, 1], "uv": [122, 47]},
					{"origin": [-3, 34, -4], "size": [1, 4, 1], "uv": [122, 47]},
					{"origin": [2, 34, -4], "size": [1, 4, 1], "uv": [122, 47]}
				]
			},
			{
				"name": "leftArm",
				"pivot": [5, 21.5, 0],
				"cubes": [
					{"origin": [6, 11, -2], "size": [4, 17, 4], "uv": [112, 40], "inflate": 0.25}
				]
			},
			{
				"name": "rightArm",
				"pivot": [-5, 21.5, 0],
				"cubes": [
					{"origin": [-10, 11, -2], "size": [4, 17, 4], "uv": [112, 40], "inflate": 0.25, "mirror": true}
				]
			},
			{
				"name": "leftLeg",
				"pivot": [1.9, 12, 0],
				"cubes": [
					{"origin": [0, 0, -2], "size": [4, 12, 4], "uv": [112, 63]},
					{"origin": [0, 0, -2], "size": [4, 6, 4], "uv": [112, 118], "inflate": 0.25}
				]
			},
			{
				"name": "rightLeg",
				"pivot": [-1.9, 12, 0],
				"cubes": [
					{"origin": [-4, 0, -2], "size": [4, 12, 4], "uv": [112, 63], "mirror": true},
					{"origin": [-4, 0, -2], "size": [4, 6, 4], "uv": [112, 118], "inflate": 0.25, "mirror": true}
				]
			}
		]
	}
}