{
	"format_version": "1.12.0",
	"minecraft:geometry": [
		{
			"description": {
				"identifier": "geometry.uhm",
				"texture_width": 128,
				"texture_height": 128,
				"visible_bounds_width": 5,
				"visible_bounds_height": 3,
				"visible_bounds_offset": [0, 0, 0]
			},
			"bones": [
				{
					"name": "body",
					"pivot": [0, 24, 0],
					"cubes": [
						{"origin": [-5.08, 12, -2.04], "size": [10.16, 8, 4.08], "uv": [60, 0]},
						{"origin": [-10.08, 20, -4.04], "size": [20.16, 19, 10.08], "uv": [0, 70]},
						{"origin": [-20.92, 23, -1.04], "size": [5.08, 14, 5.08], "pivot": [-25, 13, 2], "rotation": [5, 0, 15], "uv": [108, 36]},
						{"origin": [16.08, 19.5, -1.04], "size": [5.08, 14, 5.08], "pivot": [13, 9, 2], "rotation": [5, 0, -15], "uv": [108, 36], "mirror": true},
						{"origin": [13.42, 14, -14.04], "size": [5.08, 12, 5.08], "pivot": [9, 1, -11], "rotation": [-30, 0, 0], "uv": [108, 18], "mirror": true},
						{"origin": [-18.92, 14, -14.04], "size": [5.08, 12, 5.08], "pivot": [-22, 1, -11], "rotation": [-30, 0, 0], "uv": [108, 18]},
						{"origin": [-4.08, 34, -11.08], "size": [8.16, 8, 11.16], "uv": [0, 0]},
						{"origin": [-2.42, 1, 22.92], "size": [5, 5, 5], "uv": [90, 88]},
						{"origin": [-3.58, 34, -12.04], "size": [7.16, 4, 4.08], "uv": [84, 37]},
						{"origin": [-5.58, 34, -11.04], "size": [2.16, 3, 3.08], "uv": [0, 51]},
						{"origin": [-5.58, 40, -11.04], "size": [2.16, 3, 3.08], "uv": [0, 51]},
						{"origin": [-0.66, 40, -21.04], "size": [1.16, 3, 1.08], "pivot": [-4, 6, -11], "rotation": [-15, 0, 0], "uv": [16, 51]},
						{"origin": [-0.66, 40, -11.04], "size": [1.16, 3, 1.08], "pivot": [-4, 6, -1], "rotation": [-15, 0, 0], "uv": [16, 51]},
						{"origin": [3.42, 34, -11.04], "size": [2.16, 3, 3.08], "uv": [0, 52]},
						{"origin": [3.42, 40, -11.04], "size": [2.16, 3, 3.08], "uv": [0, 51]},
						{"origin": [-1.08, 13, -10.08], "size": [2.16, 2, 25.16], "pivot": [0, -11, -6], "rotation": [-25, 0, 0], "uv": [0, 22]},
						{"origin": [-1.16, 26.6, -5.04], "size": [2.16, 2, 1.08], "uv": [86, 24]}
					]
				},
				{
					"name": "rightleg",
					"pivot": [-2.9, 12, 0],
					"cubes": [
						{"origin": [-5.08, 6, -2.04], "size": [4.08, 6, 4.08], "uv": [112, 56], "mirror": true},
						{"origin": [-5.08, 0, -2.04], "size": [4.08, 1, 4.08], "uv": [0, 32]},
						{"origin": [-5.08, 0, -4.04], "size": [1.08, 1, 2.08], "uv": [101, 21]},
						{"origin": [-2.08, 0, -4.04], "size": [1.08, 1, 2.08], "uv": [99, 22]},
						{"origin": [-5.488, 1, -2.244], "size": [4.488, 5, 4.488], "uv": [112, 72], "mirror": true}
					]
				},
				{
					"name": "leftleg",
					"pivot": [2.9, 12, 0],
					"cubes": [
						{"origin": [1, 1, -2.244], "size": [4.488, 5, 4.488], "uv": [112, 72], "mirror": true},
						{"origin": [1, 6, -2.04], "size": [4.08, 6, 4.08], "uv": [112, 56]},
						{"origin": [1, 0, -2.04], "size": [4.08, 1, 4.08], "uv": [0, 32], "mirror": true},
						{"origin": [4, 0, -4.04], "size": [1.08, 1, 2.08], "uv": [101, 20], "mirror": true},
						{"origin": [1, 0, -4.04], "size": [1.08, 1, 2.08], "uv": [100, 21], "mirror": true}
					]
				}
			]
		}
	]
}