{
	"format_version": "1.12.0",
	"minecraft:geometry": [
		{
			"description": {
				"identifier": "geometry.up1",
				"texture_width": 64,
				"texture_height": 64,
				"visible_bounds_width": 3,
				"visible_bounds_height": 3,
				"visible_bounds_offset": [0, 0, 0]
			},
			"bones": [
				{
					"name": "leftleg",
					"pivot": [1.9, 12, 0],
					"cubes": [
						{"origin": [-0.1, 0, -1], "size": [2, 3, 2], "uv": [56, 59]},
						{"origin": [-11, 3, -1], "size": [2, 7, 2], "pivot": [-6, -1, 0], "rotation": [0, 0, 30], "uv": [0, 55], "mirror": true},
						{"origin": [7.8, 3, -1], "size": [2, 7, 2], "pivot": [5, -1, 0], "rotation": [0, 0, -30], "uv": [0, 55]},
						{"origin": [9, 5, -1], "size": [1, 2, 2], "pivot": [6, 1, 0], "rotation": [0, 0, -30], "uv": [58, 16]},
						{"origin": [-3.1, 10, -3], "size": [5, 6, 5], "uv": [0, 0]},
						{"origin": [0.9, 13, 2], "size": [1, 1, 1], "uv": [0, 21]},
						{"origin": [0.9, 11, 2], "size": [1, 1, 1], "uv": [0, 21]},
						{"origin": [-3.1, 13, 2], "size": [1, 1, 1], "uv": [0, 21]},
						{"origin": [-3.1, 11, 2], "size": [1, 1, 1], "uv": [0, 21]},
						{"origin": [0.9, 15, 2], "size": [1, 1, 1], "uv": [0, 21]},
						{"origin": [-3.1, 15, 2], "size": [1, 1, 1], "uv": [0, 21]},
						{"origin": [-3.1, 3, -2], "size": [5, 7, 4], "uv": [46, 0]},
						{"origin": [-1.1, 5, -1], "size": [1, 1, 5], "pivot": [0, 1, -2], "rotation": [-30, 0, 0], "uv": [52, 27]},
						{"origin": [-3.1, 0, -1], "size": [2, 3, 2], "uv": [56, 59], "mirror": true}
					]
				}
			]
		}
	]
}