{
	"format_version": "1.12.0",
	"minecraft:geometry": [
		{
			"description": {
				"identifier": "geometry.upgrade2",
				"texture_width": 128,
				"texture_height": 128,
				"visible_bounds_width": 4,
				"visible_bounds_height": 3,
				"visible_bounds_offset": [0, 0, 0]
			},
			"bones": [
				{
					"name": "head",
					"pivot": [0, 26, 1],
					"cubes": [
						{"origin": [-3.08, 26, -2.08], "size": [6.16, 9, 4.16], "uv": [0, 0]},
						{"origin": [-1, 31, -3.08], "size": [2, 2, 2], "uv": [24, 0]}
					]
				},
				{
					"name": "body",
					"pivot": [0, 25, 0],
					"cubes": [
						{"origin": [-4.08, 12, -3.04], "size": [8.16, 14, 6.08], "uv": [100, 0]}
					]
				},
				{
					"name": "rightleg",
					"pivot": [-1.9, 12, 0],
					"cubes": [
						{"origin": [-4.08, 0, -2.04], "size": [3.08, 12, 3.08], "uv": [0, 113]}
					]
				},
				{
					"name": "leftleg",
					"pivot": [1.9, 12, 0],
					"cubes": [
						{"origin": [1, 0, -2.04], "size": [3.08, 12, 3.08], "uv": [0, 113], "mirror": true}
					]
				},
				{
					"name": "rightarm",
					"pivot": [-5, 22, 0],
					"cubes": [
						{"origin": [-11.92, 5, -2.54], "size": [4.08, 20, 4.08], "pivot": [-3, -1, 0], "rotation": [0, 0, 10], "uv": [114, 105], "mirror": true}
					]
				},
				{
					"name": "leftarm",
					"pivot": [5, 22, 0],
					"cubes": [
						{"origin": [8.08, 5, -2.54], "size": [4.08, 20, 4.08], "pivot": [3, -1, 0], "rotation": [0, 0, -10], "uv": [114, 105]}
					]
				}
			]
		}
	]
}