{
	"format_version": "1.12.0",
	"minecraft:geometry": [
		{
			"description": {
				"identifier": "geometry.usm",
				"texture_width": 128,
				"texture_height": 128,
				"visible_bounds_width": 5,
				"visible_bounds_height": 3,
				"visible_bounds_offset": [0, 0, 0]
			},
			"bones": [
				{
					"name": "body",
					"pivot": [0, 24, 0],
					"cubes": [
						{"origin": [-10, 26, -18], "size": [20, 6, 25], "inflate": 0.25, "pivot": [0, 14, -10], "rotation": [-5, 0, 0], "uv": [28, 16]},
						{"origin": [-10, 18, -3], "size": [20, 16, 20], "pivot": [5, 8, 2], "rotation": [35, 0, 0], "uv": [0, 92]},
						{"origin": [-1, 21, -27], "size": [2, 2, 2], "pivot": [0, 5, -23], "rotation": [-55, 0, 0], "uv": [120, 41]},
						{"origin": [-4, 27, -25], "size": [8, 8, 8], "uv": [0, 0]},
						{"origin": [-4, 26, -26], "size": [8, 4, 2], "uv": [33, 51]}
					]
				},
				{
					"name": "waist",
					"pivot": [0, 17, 0]
				},
				{
					"name": "head",
					"pivot": [0, 24, 0]
				},
				{
					"name": "rightArm",
					"pivot": [-6, 31, 0],
					"cubes": [
						{"origin": [-14, 8, 2], "size": [4, 23, 4], "inflate": 0.25, "uv": [74, 0]},
						{"origin": [-15, 7, -14], "size": [5, 27, 4], "inflate": 0.25, "uv": [0, 50]},
						{"origin": [-15, 7, -6], "size": [5, 27, 4], "inflate": 0.25, "uv": [0, 50]},
						{"origin": [11, 8, -14], "size": [5, 27, 4], "inflate": 0.25, "pivot": [5, 17, -2], "rotation": [0, 0, -10], "uv": [0, 50], "mirror": true},
						{"origin": [11, 7, -6], "size": [5, 27, 4], "inflate": 0.25, "pivot": [5, 16, 6], "rotation": [0, 0, -10], "uv": [0, 50], "mirror": true},
						{"origin": [11, 8, 2], "size": [4, 23, 4], "inflate": 0.25, "pivot": [5, 17, 14], "rotation": [0, 0, -10], "uv": [74, 0], "mirror": true}
					]
				},
				{
					"name": "rightLeg",
					"pivot": [-1.9, 12, 0],
					"cubes": [
						{"origin": [3, 8, -6], "size": [3, 9, 3], "uv": [116, 52], "mirror": true},
						{"origin": [-6, 8, -6], "size": [3, 9, 3], "uv": [116, 52]}
					]
				},
				{
					"name": "leftLeg",
					"pivot": [1.9, 12, 0],
					"mirror": true
				}
			]
		}
	]
}