{
	"format_version": "1.10.0",
	"geometry.velha": {
		"texturewidth": 512,
		"textureheight": 512,
		"visible_bounds_width": 6,
		"visible_bounds_height": 5,
		"visible_bounds_offset": [0, 2.5, 0],
		"bones": [
			{
				"name": "unknown_bone",
				"pivot": [0, 0, 0],
				"cubes": [
					{"origin": [5, 48, 25], "size": [2, 11, 2], "uv": [458, 158]},
					{"origin": [-1, 57, 25], "size": [13, 11, 1], "uv": [458, 55]},
					{"origin": [-1, 0, 0], "size": [1, 1, 1], "uv": [0, 29]}
				]
			},
			{
				"name": "bone",
				"pivot": [7, 0, -33],
				"cubes": [
					{"origin": [6, 0, -42], "size": [7, 7, 10], "uv": [367, 122]},
					{"origin": [6, 3, -34], "size": [7, 7, 2], "uv": [367, 122]},
					{"origin": [6, 3, -42], "size": [7, 7, 2], "uv": [367, 122]},
					{"origin": [6, 7, -43], "size": [7, 3, 3], "uv": [367, 122]},
					{"origin": [6, 0, -43], "size": [7, 3, 3], "uv": [367, 122]},
					{"origin": [6, 2, -44], "size": [7, 6, 4], "uv": [367, 122]},
					{"origin": [6, 2, -35], "size": [7, 6, 4], "uv": [367, 122]},
					{"origin": [6, 3, -41], "size": [7, 8, 8], "uv": [367, 122]}
				]
			},
			{
				"name": "bone2",
				"pivot": [7, 0, 29],
				"cubes": [
					{"origin": [6, 0, 20], "size": [7, 7, 10], "uv": [409, 62]},
					{"origin": [6, 3, 28], "size": [7, 7, 2], "uv": [409, 62]},
					{"origin": [6, 3, 20], "size": [7, 7, 2], "uv": [409, 62]},
					{"origin": [6, 7, 19], "size": [7, 3, 3], "uv": [409, 62]},
					{"origin": [6, 0, 19], "size": [7, 3, 3], "uv": [409, 62]},
					{"origin": [6, 2, 18], "size": [7, 6, 4], "uv": [409, 62]},
					{"origin": [6, 2, 27], "size": [7, 6, 4], "uv": [409, 62]},
					{"origin": [6, 3, 21], "size": [7, 8, 8], "uv": [409, 62]}
				]
			},
			{
				"name": "bone3",
				"pivot": [-27, 0, -33],
				"cubes": [
					{"origin": [-28, 0, -42], "size": [7, 7, 10], "uv": [429, 109]},
					{"origin": [-28, 3, -34], "size": [7, 7, 2], "uv": [429, 109]},
					{"origin": [-28, 3, -42], "size": [7, 7, 2], "uv": [429, 109]},
					{"origin": [-28, 7, -43], "size": [7, 3, 3], "uv": [429, 109]},
					{"origin": [-28, 0, -43], "size": [7, 3, 3], "uv": [429, 109]},
					{"origin": [-28, 2, -44], "size": [7, 6, 4], "uv": [429, 109]},
					{"origin": [-28, 2, -35], "size": [7, 6, 4], "uv": [429, 109]},
					{"origin": [-28, 3, -41], "size": [7, 8, 8], "uv": [429, 109]}
				]
			},
			{
				"name": "bone4",
				"pivot": [-27, 0, 29],
				"cubes": [
					{"origin": [-28, 0, 20], "size": [7, 7, 10], "uv": [316, 112]},
					{"origin": [-28, 3, 28], "size": [7, 7, 2], "uv": [316, 112]},
					{"origin": [-28, 3, 20], "size": [7, 7, 2], "uv": [316, 112]},
					{"origin": [-28, 7, 19], "size": [7, 3, 3], "uv": [316, 112]},
					{"origin": [-28, 0, 19], "size": [7, 3, 3], "uv": [316, 112]},
					{"origin": [-28, 2, 18], "size": [7, 6, 4], "uv": [316, 112]},
					{"origin": [-28, 2, 27], "size": [7, 6, 4], "uv": [316, 112]},
					{"origin": [-28, 3, 21], "size": [7, 8, 8], "uv": [316, 112]}
				]
			},
			{
				"name": "bone5",
				"pivot": [0, 0, 0],
				"cubes": [
					{"origin": [-27, 10, -55], "size": [39, 4, 86], "uv": [0, 422]},
					{"origin": [-27, 43, -44], "size": [39, 4, 75], "uv": [0, 90]},
					{"origin": [-18, 46, 3], "size": [17, 4, 19], "uv": [441, 291]},
					{"origin": [-18, 46, -30], "size": [17, 4, 19], "uv": [394, 293]},
					{"origin": [-12, 50, 11], "size": [6, 19, 5], "uv": [444, 47]},
					{"origin": [-23, 12, 24], "size": [32, 35, 7], "uv": [158, 89]},
					{"origin": [-27, 10, -42], "size": [4, 37, 73], "uv": [0, 169]},
					{"origin": [8, 10, -43], "size": [4, 37, 74], "uv": [154, 151]},
					{"origin": [8, 10, -53], "size": [4, 15, 11], "uv": [111, 128]},
					{"origin": [-27, 10, -57], "size": [39, 15, 4], "uv": [0, 29]},
					{"origin": [-27, 10, -55], "size": [4, 15, 13], "uv": [101, 126]}
				]
			},
			{
				"name": "bone6",
				"pivot": [0, -13, -15],
				"rotation": [-35, 0, 0],
				"cubes": [
					{"origin": [-27, -6.63032, -70.3423], "size": [39, 28, 1], "uv": [0, 0]}
				]
			},
			{
				"name": "bone7",
				"pivot": [0, 58, 8],
				"rotation": [-25, 0, 0],
				"cubes": [
					{"origin": [-19, 58, 5], "size": [20, 21, 4], "uv": [382, 97]}
				]
			},
			{
				"name": "bone8",
				"pivot": [0, 0, 0],
				"cubes": [
					{"origin": [-27, 25, -55], "size": [1, 16, 1], "uv": [402, 74]},
					{"origin": [11, 25, -55], "size": [1, 16, 1], "uv": [335, 60]},
					{"origin": [-29, 41, -57], "size": [4, 4, 5], "uv": [227, 365]},
					{"origin": [10, 41, -57], "size": [4, 4, 5], "uv": [220, 372]}
				]
			},
			{
				"name": "bone9",
				"pivot": [0, 0, 0],
				"cubes": [
					{"origin": [-3, 14, -42], "size": [10, 17, 1], "uv": [321, 80]},
					{"origin": [-22, 14, -42], "size": [10, 17, 1], "uv": [362, 107]},
					{"origin": [-2, 12, -41], "size": [10, 6, -8], "uv": [384, 82]},
					{"origin": [-22, 12, -41], "size": [10, 6, -8], "uv": [389, 70]}
				]
			},
			{
				"name": "bone10",
				"pivot": [-27, 0, 14],
				"cubes": [
					{"origin": [-28, 0, 5], "size": [7, 7, 10], "uv": [316, 112]},
					{"origin": [-28, 3, 13], "size": [7, 7, 2], "uv": [316, 112]},
					{"origin": [-28, 3, 5], "size": [7, 7, 2], "uv": [316, 112]},
					{"origin": [-28, 7, 4], "size": [7, 3, 3], "uv": [316, 112]},
					{"origin": [-28, 0, 4], "size": [7, 3, 3], "uv": [316, 112]},
					{"origin": [-28, 2, 3], "size": [7, 6, 4], "uv": [316, 112]},
					{"origin": [-28, 2, 12], "size": [7, 6, 4], "uv": [316, 112]},
					{"origin": [-28, 3, 6], "size": [7, 8, 8], "uv": [316, 112]}
				]
			},
			{
				"name": "bone11",
				"pivot": [7, 0, 14],
				"cubes": [
					{"origin": [6, 0, 5], "size": [7, 7, 10], "uv": [409, 62]},
					{"origin": [6, 3, 13], "size": [7, 7, 2], "uv": [409, 62]},
					{"origin": [6, 3, 5], "size": [7, 7, 2], "uv": [409, 62]},
					{"origin": [6, 7, 4], "size": [7, 3, 3], "uv": [409, 62]},
					{"origin": [6, 0, 4], "size": [7, 3, 3], "uv": [409, 62]},
					{"origin": [6, 2, 3], "size": [7, 6, 4], "uv": [409, 62]},
					{"origin": [6, 2, 12], "size": [7, 6, 4], "uv": [409, 62]},
					{"origin": [6, 3, 6], "size": [7, 8, 8], "uv": [409, 62]}
				]
			}
		]
	}
}