{
	"format_version": "1.12.0",
	"minecraft:geometry": [
		{
			"description": {
				"identifier": "geometry.wf",
				"texture_width": 128,
				"texture_height": 128,
				"visible_bounds_width": 5,
				"visible_bounds_height": 3,
				"visible_bounds_offset": [0, 0, 0]
			},
			"bones": [
				{
					"name": "body",
					"pivot": [0, 24, 0],
					"cubes": [
						{"origin": [-4.08, 12, -2.04], "size": [8.16, 8, 4.08], "uv": [56, 36]},
						{"origin": [-7.08, 20, -4.04], "size": [14.16, 9, 6.08], "uv": [0, 34]},
						{"origin": [-17.58, 20, -0.04], "size": [4.08, 13, 4.08], "pivot": [-22, 8, 2], "rotation": [5, 0, 20], "uv": [112, 36]},
						{"origin": [14.08, 15.5, -0.04], "size": [4.08, 13, 4.08], "pivot": [10, 3, 2], "rotation": [5, 0, -20], "uv": [112, 36], "mirror": true},
						{"origin": [8.42, 9, -13.04], "size": [5.08, 12, 4.08], "pivot": [5, -4, -11], "rotation": [-30, 0, 0], "uv": [110, 18], "mirror": true},
						{"origin": [7.42, 8.5, -14.04], "size": [4.08, 3, 5], "pivot": [2, -4, -11], "rotation": [-30, 0, 0], "uv": [0, 120], "mirror": true},
						{"origin": [-13.92, 9, -13.04], "size": [5.08, 12, 4.08], "pivot": [-18, -4, -11], "rotation": [-30, 0, 0], "uv": [110, 18]},
						{"origin": [-11.92, 8.5, -14.04], "size": [4.08, 3, 5], "pivot": [-15, -4, -11], "rotation": [-30, 0, 0], "uv": [0, 120]},
						{"origin": [-4.08, 27, -7.08], "size": [8.16, 8, 4.16], "uv": [0, 0]},
						{"origin": [-1.58, 27, -12.08], "size": [3.16, 4, 5.16], "uv": [112, 0]},
						{"origin": [-5.08, 34, -5.08], "size": [2.16, 3, 1.16], "uv": [101, 0]},
						{"origin": [2.92, 34, -5.08], "size": [2.16, 3, 1.16], "uv": [101, 0]},
						{"origin": [-4.08, 29, -19.08], "size": [8.16, 7, 9.16], "pivot": [0, -1, -13], "rotation": [-25, 0, 0], "uv": [0, 112]},
						{"origin": [-1.08, 13, -13.08], "size": [2.16, 2, 9.16], "pivot": [0, -19, -7], "rotation": [-25, 0, 0], "uv": [0, 117]},
						{"origin": [-1.08, 17, 1.92], "size": [2.16, 2, 4.16], "pivot": [0, -15, 3], "rotation": [-25, 0, 0], "uv": [0, 122]},
						{"origin": [-2.08, 13, -5.08], "size": [4.16, 10, 5.16], "pivot": [0, -19, -6], "rotation": [-25, 0, 0], "uv": [0, 113]},
						{"origin": [-1.16, 24.5, -5.04], "size": [2.16, 2, 1.08], "uv": [122, 114]}
					]
				},
				{
					"name": "rightleg",
					"pivot": [-2.9, 12, 0],
					"cubes": [
						{"origin": [-5.08, 7, -5.04], "size": [3.08, 6, 4.08], "pivot": [0, 1, -3], "rotation": [-15, 0, 0], "uv": [112, 56]},
						{"origin": [-5.08, 0, -3.04], "size": [3.08, 1, 5.08], "uv": [110, 84]},
						{"origin": [-5.488, 1, -2.244], "size": [3.488, 6, 4.488], "uv": [112, 72], "mirror": true}
					]
				},
				{
					"name": "leftleg",
					"pivot": [2.9, 12, 0],
					"cubes": [
						{"origin": [2, 1, -2.244], "size": [3.488, 6, 4.488], "uv": [112, 72], "mirror": true},
						{"origin": [2, 7, -5.04], "size": [3.08, 6, 4.08], "pivot": [0, 1, -3], "rotation": [-15, 0, 0], "uv": [112, 56], "mirror": true},
						{"origin": [2, 0, -3.04], "size": [3.08, 1, 5.08], "uv": [110, 84], "mirror": true}
					]
				}
			]
		}
	]
}