{
	"format_version": "1.12.0",
	"minecraft:geometry": [
		{
			"description": {
				"identifier": "geometry.wildmutt",
				"texture_width": 64,
				"texture_height": 64,
				"visible_bounds_width": 3,
				"visible_bounds_height": 3,
				"visible_bounds_offset": [0, 0, 0]
			},
			"bones": [
				{
					"name": "body",
					"pivot": [0, 24, 0],
					"cubes": [
						{"origin": [-4.58, 15, -19.04], "size": [8.16, 4, 4.08], "uv": [40, 34]},
						{"origin": [-4.08, 15, -18.04], "size": [7.16, 6, 14.08], "uv": [0, 0]},
						{"origin": [-5.08, 10, -5.04], "size": [9.16, 5, 7.08], "pivot": [0, -2, 0], "rotation": [-30, 0, 0], "uv": [0, 52]},
						{"origin": [-6.08, 17, 7.96], "size": [11.16, 11, 8.08], "pivot": [0, 7, 12], "rotation": [60, 0, 0], "uv": [0, 22]},
						{"origin": [-1.66, 23, 5.5], "size": [2.16, 2, 1.08], "pivot": [0, 7, 9], "rotation": [60, 0, 0], "uv": [58, 26]}
					]
				},
				{
					"name": "rightleg",
					"pivot": [-1.9, 12, 0],
					"cubes": [
						{"origin": [-5.08, 5, 1.96], "size": [2.08, 4, 2.08], "pivot": [-2, 0, 4], "rotation": [-30, 0, 0], "uv": [0, 58]},
						{"origin": [-6.08, 0, 4.96], "size": [4.08, 5, 3.08], "uv": [50, 56]}
					]
				},
				{
					"name": "leftleg",
					"pivot": [1.9, 12, 0],
					"cubes": [
						{"origin": [1, 0, 4.96], "size": [4.08, 5, 3.08], "uv": [50, 56]},
						{"origin": [2, 5, 1.96], "size": [2.08, 4, 2.08], "pivot": [-1, 0, 4], "rotation": [-30, 0, 0], "uv": [0, 58], "mirror": true}
					]
				},
				{
					"name": "rightarm",
					"pivot": [-5, 22, 0],
					"cubes": [
						{"origin": [-8.92, 8, -7.04], "size": [3.08, 6, 3.08], "uv": [0, 55], "mirror": true},
						{"origin": [-9.92, 1, -12.04], "size": [4.08, 8, 4.08], "pivot": [-2, -11, -10], "rotation": [-15, 0, 0], "uv": [48, 0], "mirror": true}
					]
				},
				{
					"name": "leftarm",
					"pivot": [5, 22, 0],
					"cubes": [
						{"origin": [5.08, 1, -11.04], "size": [4.08, 8, 4.08], "pivot": [1, -11, -9], "rotation": [-15, 0, 0], "uv": [48, 0]},
						{"origin": [5.08, 8, -6.04], "size": [3.08, 6, 3.08], "uv": [0, 55], "mirror": true}
					]
				}
			]
		}
	]
}