{
  "resource_pack_name": "vanilla",
  "texture_name": "atlas.items",
  "texture_data": {
    "om": {
      "textures": "textures/items/om"
    },
    "spike": {
      "textures": "textures/items/spike"
    },
    "bo": {
      "textures": "textures/items/bo"
    },
    "rosa": {
      "textures": "textures/items/rosa"
    },
    "frank": {
      "textures": "textures/items/frank"
    },
    "hamer": {
      "textures": "textures/items/hamer"
    },
    "luvas": {
      "textures": "textures/items/luvas"
    },
    "soco": {
      "textures": "textures/items/soco"
    },
    "barley": {
      "textures": "textures/items/barley"
    },
    "om": {
      "textures": "textures/items/om"
    },
    "om2": {
      "textures": "textures/items/om2"
    },
    "des2": {
      "textures": "textures/items/des2"
    },
    "bala": {
      "textures": "textures/items/bala"
    },
    "des": {
      "textures": "textures/items/des"
    },
    "in": {
      "textures": "textures/items/in"
    },
    "di": {
      "textures": "textures/items/di"
    },
    "ch": {
      "textures": "textures/items/ch"
    },
    "aqua": {
      "textures": "textures/items/aqua"
    },
    "fire": {
      "textures": "textures/items/fire"
    },
    "saga": {
      "textures": "textures/items/saga"
    },
    "qua": {
      "textures": "textures/items/qua"
    },
    "besta": {
      "textures": "textures/items/besta"
    },
    "xlr8": {
      "textures": "textures/items/xlr8"
    },
    "m": {
      "textures": "textures/items/m"
    },
    "m2": {
      "textures": "textures/items/m2"
    },
    "ultra": {
      "textures": "textures/items/ultra"
    },
    "cipo": {
      "textures": "textures/items/cipo"
    },
    "gigante": {
      "textures": "textures/items/gigante"
    },
    "fa": {
      "textures": "textures/items/fa"
    },
    "lobo": {
      "textures": "textures/items/lobo"
    },
    "ax": {
      "textures": "textures/items/ax"
    },
    "besta1": {
      "textures": "textures/items/besta1"
    },
    "ch1": {
      "textures": "textures/items/ch1"
    },
    "chill": {
      "textures": "textures/items/chill"
    },
    "chill2": {
      "textures": "textures/items/chill2"
    },
    "gt": {
      "textures": "textures/items/gt"
    },
    "hm": {
      "textures": "textures/items/hm"
    },
    "rath": {
      "textures": "textures/items/rath"
    },
    "sf": {
      "textures": "textures/items/sf"
    },
    "sq": {
      "textures": "textures/items/sq"
    },
    "up": {
      "textures": "textures/items/up"
    },
    "up1": {
      "textures": "textures/items/up1"
    },
    "up2": {
      "textures": "textures/items/up2"
    },
    "wh": {
      "textures": "textures/items/wh"
    },
    "wildmutt": {
      "textures": "textures/items/wildmutt"
    },
    "wildmutt2": {
      "textures": "textures/items/wildmutt2"
    },
    "inv": {
      "textures": "textures/items/inv"
    },
    "inv2": {
      "textures": "textures/items/inv2"
    },
    "om3": {
      "textures": "textures/items/om3"
    },
    "des3": {
      "textures": "textures/items/des3"
    },
    "echo": {
      "textures": "textures/items/echo"
    },
    "sm": {
      "textures": "textures/items/sm"
    },
    "aecho": {
      "textures": "textures/items/aecho"
    },
    "asm": {
      "textures": "textures/items/asm"
    },
    "agt": {
      "textures": "textures/items/agt"
    },
    "ahm": {
      "textures": "textures/items/ahm"
    },
    "arath": {
      "textures": "textures/items/arath"
    },
    "uecho": {
      "textures": "textures/items/uecho"
    },
    "usm": {
      "textures": "textures/items/usm"
    },
    "uhm": {
      "textures": "textures/items/uhm"
    },
    "ugt": {
      "textures": "textures/items/ugt"
    },
    "urath": {
      "textures": "textures/items/urath"
    },
    "cl": {
      "textures": "textures/items/cl"
    },
    "acl": {
      "textures": "textures/items/acl"
    },
    "wf": {
      "textures": "textures/items/wf"
    },
    "arm": {
      "textures": "textures/items/arm"
    },
    "astro": {
      "textures": "textures/items/astro"
    },
    "bl": {
      "textures": "textures/items/bl"
    },
    "bl2": {
      "textures": "textures/items/bl2"
    },
    "di2": {
      "textures": "textures/items/di2"
    },
    "goop": {
      "textures": "textures/items/goop"
    },
    "in2": {
      "textures": "textures/items/in2"
    },
    "qua2": {
      "textures": "textures/items/qua2"
    },
    "tw": {
      "textures": "textures/items/tw"
    },
    "wp": {
      "textures": "textures/items/wp"
    },
    "next": {
      "textures": "textures/items/next"
    },
    "next1": {
      "textures": "textures/items/next1"
    },
    "next2": {
      "textures": "textures/items/next2"
    },
    "next3": {
      "textures": "textures/items/next3"
    },
    "upgrade": {
      "textures": "textures/items/upgrade"
    },
    "upgrade2": {
      "textures": "textures/items/upgrade2"
    },
    "upmoto": {
      "textures": "textures/items/upmoto"
    },
    "upcar": {
      "textures": "textures/items/upcar"
    },
    "snare": {
      "textures": "textures/items/snare"
    },
    "om4": {
      "textures": "textures/items/om4"
    },
    "des4": {
      "textures": "textures/items/des4"
    },
    "atx": {
      "textures": "textures/items/atx"
    },
    "bigchuck": {
      "textures": "textures/items/bigchuck"
    },
    "crsq": {
      "textures": "textures/items/crsq"
    },
    "hmgoop": {
      "textures": "textures/items/hmgoop"
    },
    "quahm": {
      "textures": "textures/items/quahm"
    },
    "omt": {
      "textures": "textures/items/omt_egg"
    },
    "08c": {
      "textures": "textures/items/07c"
    },
    "09c": {
      "textures": "textures/items/08c"
    },
    "08": {
      "textures": "textures/items/08"
    },
    "10c": {
      "textures": "textures/items/9c"
    },
    "09": {
      "textures": "textures/items/09"
    },
    "11c": {
      "textures": "textures/items/10c"
    },
    "10": {
      "textures": "textures/items/10"
    },
    "11": {
      "textures": "textures/items/11"
    },
    "12c": {
      "textures": "textures/items/11c"
    },
    "12": {
      "textures": "textures/items/12"
    },
    "13c": {
      "textures": "textures/items/12c"
    },
    "14c": {
      "textures": "textures/items/13c"
    },
    "13": {
      "textures": "textures/items/13"
    },
    "14": {
      "textures": "textures/items/14"
    },
    "15c": {
      "textures": "textures/items/14c"
    },
    "15": {
      "textures": "textures/items/15"
    },
    "16c": {
      "textures": "textures/items/15c"
    },
    "17c": {
      "textures": "textures/items/16c"
    },
    "16": {
      "textures": "textures/items/16"
    },
    "17": {
      "textures": "textures/items/17"
    },
    "ben_egg": {
      "textures": "textures/items/ben_egg"
    },
    "el_primo": {
      "textures": "textures/items/el_primo"
    },
    "qua": {
      "textures": "textures/items/qua"
    },
    "03c": {
      "textures": "textures/items/02c"
    },
    "03": {
      "textures": "textures/items/03"
    },
    "04c": {
      "textures": "textures/items/03c"
    },
    "04": {
      "textures": "textures/items/04"
    },
    "05c": {
      "textures": "textures/items/04c"
    },
    "06c": {
      "textures": "textures/items/05c"
    },
    "05": {
      "textures": "textures/items/05"
    },
    "07c": {
      "textures": "textures/items/06c"
    },
    "06": {
      "textures": "textures/items/06"
    },
    "07": {
      "textures": "textures/items/07"
    },
    "08c": {
      "textures": "textures/items/07c"
    },
    "09c": {
      "textures": "textures/items/08c"
    },
    "08": {
      "textures": "textures/items/08"
    },
    "10c": {
      "textures": "textures/items/9c"
    },
    "09": {
      "textures": "textures/items/09"
    },
    "11c": {
      "textures": "textures/items/10c"
    },
    "10": {
      "textures": "textures/items/10"
    },
    "11": {
      "textures": "textures/items/11"
    },
    "12c": {
      "textures": "textures/items/11c"
    },
    "12": {
      "textures": "textures/items/12"
    },
    "13c": {
      "textures": "textures/items/12c"
    },
    "14c": {
      "textures": "textures/items/13c"
    },
    "13": {
      "textures": "textures/items/13"
    },
    "14": {
      "textures": "textures/items/14"
    },
    "15c": {
      "textures": "textures/items/14c"
    },
    "15": {
      "textures": "textures/items/15"
    },
    "16c": {
      "textures": "textures/items/15c"
    },
    "17c": {
      "textures": "textures/items/16c"
    },
    "16": {
      "textures": "textures/items/16"
    },
    "17": {
      "textures": "textures/items/17"
    },
    "18c": {
      "textures": "textures/items/17c"
    },
    "hammeriron": {
      "textures": "textures/items/hammeriron"
    }
  }
}