{"format_version":"1.8.0","minecraft:client_entity":{"description":{"identifier":"brawl:gerando_de_gema","min_engine_version":"1.8.0","materials":{"default":"shulker"},"textures":{"undyed":"textures/entity/pamobile/brawl_gerando_de_gema","white":"textures/entity/pamobile/brawl_gerando_de_gema","orange":"textures/entity/pamobile/brawl_gerando_de_gema","magenta":"textures/entity/pamobile/brawl_gerando_de_gema","light_blue":"textures/entity/pamobile/brawl_gerando_de_gema","yellow":"textures/entity/pamobile/brawl_gerando_de_gema","lime":"textures/entity/pamobile/brawl_gerando_de_gema","pink":"textures/entity/pamobile/brawl_gerando_de_gema","gray":"textures/entity/pamobile/brawl_gerando_de_gema","silver":"textures/entity/pamobile/brawl_gerando_de_gema","cyan":"textures/entity/pamobile/brawl_gerando_de_gema","purple":"textures/entity/pamobile/brawl_gerando_de_gema","blue":"textures/entity/pamobile/brawl_gerando_de_gema","brown":"textures/entity/pamobile/brawl_gerando_de_gema","green":"textures/entity/pamobile/brawl_gerando_de_gema","red":"textures/entity/pamobile/brawl_gerando_de_gema","black":"textures/entity/pamobile/brawl_gerando_de_gema"},"geometry":{"default":"geometry.shulker.v1.8"},"spawn_egg":{"texture":"brawl:gerando_de_gema","texture_index":0},"scripts":{"pre_animation":["variable.Shulker.LidPositionFactor = 180 * (0.5 + variable.Shulker.PeekAmount);","variable.Shulker.LidRotationFactor = -1 + Math.sin(180 * (0.5 + variable.Shulker.PeekAmount));","variable.Shulker.UpFacing = variable.Shulker.FacingDirection == 1;","variable.Shulker.NorthFacing = variable.Shulker.FacingDirection == 2;","variable.Shulker.SouthFacing = variable.Shulker.FacingDirection == 3;","variable.Shulker.WestFacing = variable.Shulker.FacingDirection == 4;","variable.Shulker.EastFacing = variable.Shulker.FacingDirection == 5;","variable.Shulker.XPreRotation = variable.Shulker.UpFacing * 180 + variable.Shulker.NorthFacing * 90 - variable.Shulker.SouthFacing * 90;","variable.Shulker.ZPreRotation = variable.Shulker.NorthFacing * 180 + variable.Shulker.WestFacing * 90 - variable.Shulker.EastFacing * 90;","variable.Shulker.XOffset = -variable.Shulker.WestFacing * 7.99 + variable.Shulker.EastFacing * 7.99;","variable.Shulker.YOffset = variable.Shulker.UpFacing * 16 + variable.Shulker.NorthFacing * 7.99 + variable.Shulker.SouthFacing * 7.99 + variable.Shulker.WestFacing * 7.99 + variable.Shulker.EastFacing * 7.99;","variable.Shulker.ZOffset = variable.Shulker.NorthFacing * 7.99 - variable.Shulker.SouthFacing * 7.99;"]},"animations":{"facing":"animation.shulker.facing","move":"animation.shulker.move","look_at_target":"animation.common.look_at_target"},"animation_controllers":[{"facing":"controller.animation.shulker.facing"},{"move":"controller.animation.shulker.move"}],"render_controllers":["controller.render.shulker"]}}}