{
  "format_version": "1.10.0",
  "animation_controllers": {
    "controller.animation.pode_garrafas_de_veneno": {
      "initial_state": "default",
      "states": {
        "default": {
          "transitions": [
            {
              "shoot": "query.mark_variant == 1 && query.get_equipped_item_name=='garrafas_de_veneno' && query.item_remaining_use_duration > 0"
            }
          ]
        },
        "shoot": {
          "transitions": [
            {
              "default": "query.mark_variant == 1 && query.get_equipped_item_name=='garrafas_de_veneno' && query.item_remaining_use_duration > 0"
            }
          ],
          "on_entry": [
            "@s pode:garrafas_de_veneno_fire",
            "/replaceitem entity @s slot.weapon.mainhand 0 pode:garrafas_de_veneno 1 1",
            "/playsound pode_garrafas_de_veneno_shot"
          ]
        }
      }
    }
  }
}