{
  "format_version": "1.10.0",
  "animation_controllers": {
    "controller.animation.pode_arma": {
      "initial_state": "default",
      "states": {
        "default": {
          "transitions": [
            {
              "shoot": "query.mark_variant == 1 && query.get_equipped_item_name=='arma' && query.item_remaining_use_duration > 0"
            }
          ]
        },
        "shoot": {
          "transitions": [
            {
              "default": "query.mark_variant == 1 && query.get_equipped_item_name=='arma' && query.item_remaining_use_duration > 0"
            }
          ],
          "on_entry": [
            "@s pode:arma_fire",
            "/clear @s pode:arma 0 1",
            "/playsound pode_arma_shot"
          ]
        }
      }
    }
  }
}