{
  "format_version": "1.10.0",
  "animation_controllers": {
    "controller.animation.pode_po_do_sono": {
      "initial_state": "default",
      "states": {
        "default": {
          "transitions": [
            {
              "shoot": "query.mark_variant == 1 && query.get_equipped_item_name=='po_do_sono' && query.item_remaining_use_duration > 0"
            }
          ]
        },
        "shoot": {
          "transitions": [
            {
              "default": "query.mark_variant == 1 && query.get_equipped_item_name=='po_do_sono' && query.item_remaining_use_duration > 0"
            }
          ],
          "on_entry": [
            "@s pode:po_do_sono_fire",
            "/replaceitem entity @s slot.weapon.mainhand 0 pode:po_do_sono 1 1",
            "/playsound pode_po_do_sono_shot"
          ]
        }
      }
    }
  }
}