{
  "format_version": "1.10.0",
  "animation_controllers": {
    "controller.animation.pode_lanca_dinheiro": {
      "initial_state": "default",
      "states": {
        "default": {
          "transitions": [
            {
              "shoot": "query.mark_variant == 1 && query.get_equipped_item_name=='lanca_dinheiro' && query.item_remaining_use_duration > 0"
            }
          ]
        },
        "shoot": {
          "transitions": [
            {
              "default": "query.mark_variant == 1 && query.get_equipped_item_name=='lanca_dinheiro' && query.item_remaining_use_duration > 0"
            }
          ],
          "on_entry": [
            "@s pode:lanca_dinheiro_fire",
            "/replaceitem entity @s slot.weapon.mainhand 0 pode:lanca_dinheiro 1 1",
            "/playsound pode_lanca_dinheiro_shot"
          ]
        }
      }
    }
  }
}