{
  "format_version": "1.10.0",
  "animation_controllers": {
    "controller.animation.pode_biso_mega_bomba": {
      "initial_state": "default",
      "states": {
        "default": {
          "transitions": [
            {
              "shoot": "query.mark_variant == 1 && query.get_equipped_item_name=='mega_bomba' && query.item_remaining_use_duration > 0"
            }
          ]
        },
        "shoot": {
          "transitions": [
            {
              "default": "query.mark_variant == 1 && query.get_equipped_item_name=='mega_bomba' && query.item_remaining_use_duration > 0"
            }
          ],
          "on_entry": [
            "@s pode_biso:mega_bomba_fire",
            "/replaceitem entity @s slot.weapon.mainhand 0 pode_biso:mega_bomba 1 1",
            "/playsound pode_biso_mega_bomba_shot"
          ]
        }
      }
    }
  }
}