{
  "format_version": "1.10.0",
  "animation_controllers": {
    "controller.animation.pode_maximo_er_primoooooo": {
      "initial_state": "default",
      "states": {
        "default": {
          "transitions": [
            {
              "shoot": "query.mark_variant == 1 && query.get_equipped_item_name=='er_primoooooo' && query.item_remaining_use_duration > 0"
            }
          ]
        },
        "shoot": {
          "transitions": [
            {
              "default": "query.mark_variant == 1 && query.get_equipped_item_name=='er_primoooooo' && query.item_remaining_use_duration > 0"
            }
          ],
          "on_entry": [
            "@s pode_maximo:er_primoooooo_fire",
            "/clear @s pode_maximo:er_primoooooo 0 1",
            "/playsound pode_maximo_er_primoooooo_shot"
          ]
        }
      }
    }
  }
}