{
  "format_version": "1.12",
  "minecraft:recipe_shaped": {
    "description": {
      "identifier": "sandy_6578017d"
    },
    "tags": [
      "crafting_table"
    ],
    "pattern": [
      " AB",
      "  C"
    ],
    "key": {
      "A": {
        "item": "brawl:mega_fichas",
        "data": 0
      },
      "B": {
        "item": "minecraft:blaze_powder",
        "data": 0
      },
      "C": {
        "item": "minecraft:fireworkscharge",
        "data": 0
      }
    },
    "result": {
      "item": "baller:sandy",
      "count": 1
    }
  }
}