{
  "format_version": "1.12",
  "minecraft:recipe_shaped": {
    "description": {
      "identifier": "corvo_64f9a2a9"
    },
    "tags": [
      "crafting_table"
    ],
    "pattern": [
      " AB",
      "  C"
    ],
    "key": {
      "A": {
        "item": "brawl:mega_fichas",
        "data": 0
      },
      "B": {
        "item": "minecraft:dye",
        "data": 16
      },
      "C": {
        "item": "minecraft:feather",
        "data": 0
      }
    },
    "result": {
      "item": "baller:corvo",
      "count": 1
    }
  }
}