{
  "format_version": "1.12",
  "minecraft:recipe_shaped": {
    "description": {
      "identifier": "colt_7e0235de"
    },
    "tags": [
      "crafting_table"
    ],
    "pattern": [
      " AB",
      "  C"
    ],
    "key": {
      "A": {
        "item": "brawl:fichas",
        "data": 0
      },
      "B": {
        "item": "minecraft:dye",
        "data": 1
      },
      "C": {
        "item": "minecraft:bow",
        "data": 0
      }
    },
    "result": {
      "item": "balle:colt",
      "count": 1
    }
  }
}