{
  "format_version": "1.12",
  "minecraft:recipe_shaped": {
    "description": {
      "identifier": "mortis_b2d938ef"
    },
    "tags": [
      "crafting_table"
    ],
    "pattern": [
      "  A",
      " BC"
    ],
    "key": {
      "A": {
        "item": "pode:pa_do_mortis",
        "data": 0
      },
      "B": {
        "item": "brawl:fichas",
        "data": 0
      },
      "C": {
        "item": "minecraft:dye",
        "data": 5
      }
    },
    "result": {
      "item": "baller:mortis",
      "count": 1
    }
  }
}