{
  "format_version": "1.12",
  "minecraft:recipe_shaped": {
    "description": {
      "identifier": "prawl_gerando_de_gema_ce328590"
    },
    "tags": [
      "crafting_table"
    ],
    "pattern": [
      "ABA",
      "BCB",
      "ABD"
    ],
    "key": {
      "A": {
        "item": "minecraft:iron_block",
        "data": 0
      },
      "B": {
        "item": "minecraft:planks",
        "data": 0
      },
      "C": {
        "item": "Brawl:esmeralda",
        "data": 0
      },
      "D": {
        "item": "minecraft:double_plant",
        "data": 4
      }
    },
    "result": {
      "item": "brawl:prawl_gerando_de_gema",
      "count": 1
    }
  }
}