{
  "format_version": "1.12",
  "minecraft:recipe_shaped": {
    "description": {
      "identifier": "mega_bomba_c5b398db"
    },
    "tags": [
      "crafting_table"
    ],
    "pattern": [
      " A ",
      "BBB",
      " C "
    ],
    "key": {
      "A": {
        "item": "minecraft:iron_ingot",
        "data": 0
      },
      "B": {
        "item": "minecraft:tnt",
        "data": 0
      },
      "C": {
        "item": "minecraft:redstone",
        "data": 0
      }
    },
    "result": {
      "item": "pode_biso:mega_bomba",
      "count": 1
    }
  }
}