{
  "format_version": "1.12",
  "minecraft:recipe_shaped": {
    "description": {
      "identifier": "torreta2_d89b6dc8"
    },
    "tags": [
      "crafting_table"
    ],
    "pattern": [
      " A ",
      " BC"
    ],
    "key": {
      "A": {
        "item": "minecraft:dye",
        "data": 8
      },
      "B": {
        "item": "minecraft:bow",
        "data": 0
      },
      "C": {
        "item": "minecraft:blast_furnace",
        "data": 0
      }
    },
    "result": {
      "item": "pode_maximo:torreta2",
      "count": 1
    }
  }
}