{
  "format_version": "1.12",
  "minecraft:recipe_shaped": {
    "description": {
      "identifier": "raio_4_0e044a90"
    },
    "tags": [
      "crafting_table"
    ],
    "pattern": [
      " A ",
      "BCD",
      "BB "
    ],
    "key": {
      "A": {
        "item": "minecraft:redstone",
        "data": 0
      },
      "B": {
        "item": "minecraft:iron_ingot",
        "data": 0
      },
      "C": {
        "item": "minecraft:magma_cream",
        "data": 0
      },
      "D": {
        "item": "minecraft:blaze_powder",
        "data": 0
      }
    },
    "result": {
      "item": "pode:raio_4",
      "count": 1
    }
  }
}