{
  "format_version": "1.12",
  "minecraft:recipe_shaped": {
    "description": {
      "identifier": "arma_8fd83334"
    },
    "tags": [
      "crafting_table"
    ],
    "pattern": [
      "A  ",
      " B ",
      "  C"
    ],
    "key": {
      "A": {
        "item": "minecraft:coal",
        "data": 0
      },
      "B": {
        "item": "minecraft:crossbow",
        "data": 0
      },
      "C": {
        "item": "minecraft:iron_ingot",
        "data": 0
      }
    },
    "result": {
      "item": "pode:arma",
      "count": 1
    }
  }
}