{
  "format_version": "1.12",
  "minecraft:recipe_shaped": {
    "description": {
      "identifier": "morgecos_8bc4ea6a"
    },
    "tags": [
      "crafting_table"
    ],
    "pattern": [
      " A ",
      "BCD",
      " E "
    ],
    "key": {
      "A": {
        "item": "minecraft:brick",
        "data": 0
      },
      "B": {
        "item": "minecraft:chainmail_chestplate",
        "data": 0
      },
      "C": {
        "item": "minecraft:diamond_sword",
        "data": 0
      },
      "D": {
        "item": "minecraft:element_34",
        "data": 0
      },
      "E": {
        "item": "minecraft:element_111",
        "data": 0
      }
    },
    "result": {
      "item": "pode:morgecos",
      "count": 1
    }
  }
}