{
  "format_version": "1.12",
  "minecraft:recipe_shaped": {
    "description": {
      "identifier": "arma4_1854201c"
    },
    "tags": [
      "crafting_table"
    ],
    "pattern": [
      " A ",
      "BCD"
    ],
    "key": {
      "A": {
        "item": "minecraft:blaze_rod",
        "data": 0
      },
      "B": {
        "item": "minecraft:blaze_powder",
        "data": 0
      },
      "C": {
        "item": "minecraft:bow",
        "data": 0
      },
      "D": {
        "item": "minecraft:iron_ingot",
        "data": 0
      }
    },
    "result": {
      "item": "pode:arma4",
      "count": 1
    }
  }
}