{
  "format_version": "1.12",
  "minecraft:recipe_shaped": {
    "description": {
      "identifier": "soco_do_esprimo_40848705"
    },
    "tags": [
      "crafting_table"
    ],
    "pattern": [
      "AAA",
      "ABA",
      "AAA"
    ],
    "key": {
      "A": {
        "item": "Brawl:esmeralda",
        "data": 0
      },
      "B": {
        "item": "minecraft:diamond_sword",
        "data": 0
      }
    },
    "result": {
      "item": "pode:soco_do_esprimo",
      "count": 1
    }
  }
}