{
  "format_version": "1.12",
  "minecraft:recipe_shaped": {
    "description": {
      "identifier": "pa_do_morti_3ce7e99e"
    },
    "tags": [
      "crafting_table"
    ],
    "pattern": [
      " AA",
      "BCA",
      "BB "
    ],
    "key": {
      "A": {
        "item": "minecraft:iron_ingot",
        "data": 0
      },
      "B": {
        "item": "Brawl:esmeralda",
        "data": 0
      },
      "C": {
        "item": "minecraft:stick",
        "data": 0
      }
    },
    "result": {
      "item": "pode:pa_do_morti",
      "count": 1
    }
  }
}