{
  "format_version": "1.12",
  "minecraft:recipe_shaped": {
    "description": {
      "identifier": "po_do_sono_b88957f2"
    },
    "tags": [
      "crafting_table"
    ],
    "pattern": [
      " A ",
      " BC",
      " D "
    ],
    "key": {
      "A": {
        "item": "minecraft:feather",
        "data": 0
      },
      "B": {
        "item": "minecraft:glowstone_dust",
        "data": 0
      },
      "C": {
        "item": "minecraft:blaze_powder",
        "data": 0
      },
      "D": {
        "item": "minecraft:dragon_breath",
        "data": 0
      }
    },
    "result": {
      "item": "pode:po_do_sono",
      "count": 1
    }
  }
}