{
  "format_version": "1.12",
  "minecraft:recipe_shaped": {
    "description": {
      "identifier": "arma3_1c0e7fc1"
    },
    "tags": [
      "crafting_table"
    ],
    "pattern": [
      "ABC"
    ],
    "key": {
      "A": {
        "item": "minecraft:tnt",
        "data": 0
      },
      "B": {
        "item": "minecraft:bow",
        "data": 0
      },
      "C": {
        "item": "minecraft:crossbow",
        "data": 0
      }
    },
    "result": {
      "item": "pode:arma3",
      "count": 1
    }
  }
}