{
  "format_version": "1.12",
  "minecraft:recipe_shaped": {
    "description": {
      "identifier": "bola_de_spike_44ca2793"
    },
    "tags": [
      "crafting_table"
    ],
    "pattern": [
      " A ",
      " BC"
    ],
    "key": {
      "A": {
        "item": "minecraft:dye",
        "data": 2
      },
      "B": {
        "item": "minecraft:cactus",
        "data": 0
      },
      "C": {
        "item": "minecraft:snowball",
        "data": 0
      }
    },
    "result": {
      "item": "pode:bola_de_spike",
      "count": 1
    }
  }
}