{
  "format_version": "1.12",
  "minecraft:recipe_shaped": {
    "description": {
      "identifier": "minas_8a58bc63"
    },
    "tags": [
      "crafting_table"
    ],
    "pattern": [
      "A",
      "B",
      "C"
    ],
    "key": {
      "A": {
        "item": "minecraft:redstone",
        "data": 0
      },
      "B": {
        "item": "minecraft:tnt",
        "data": 0
      },
      "C": {
        "item": "minecraft:glass_bottle",
        "data": 0
      }
    },
    "result": {
      "item": "pode_maximo:minas",
      "count": 1
    }
  }
}