{
  "format_version": "1.12",
  "minecraft:recipe_shaped": {
    "description": {
      "identifier": "pulo_do_corvo_47eaeb6c"
    },
    "tags": [
      "crafting_table"
    ],
    "pattern": [
      " A ",
      " BC"
    ],
    "key": {
      "A": {
        "item": "minecraft:tnt",
        "data": 0
      },
      "B": {
        "item": "baller:corvo",
        "data": 0
      },
      "C": {
        "item": "minecraft:iron_sword",
        "data": 0
      }
    },
    "result": {
      "item": "pode_maximo:pulo_do_corvo",
      "count": 1
    }
  }
}