{
  "format_version": "1.13.0",
  "minecraft:feature_rules": {
    "description": {
      "identifier": "overworld_underground_de_bioma_feature",
      "places_feature": "block_de_bioma_feature"
    },
    "conditions": {
      "placement_pass": "underground_pass",
      "minecraft:biome_filter": [
        {
          "any_of": [
            {
              "test": "has_biome_tag",
              "operator": "==",
              "value": "bioma_brawl"
            }
          ]
        }
      ]
    },
    "distribution": {
      "iterations": 6,
      "coordinate_eval_order": "zyx",
      "x": {
        "distribution": "uniform",
        "extent": [
          0,
          16
        ]
      },
      "y": {
        "distribution": "uniform",
        "extent": [
          35,
          50
        ]
      },
      "z": {
        "distribution": "uniform",
        "extent": [
          0,
          16
        ]
      }
    }
  }
}