{
  "format_version": "1.10",
  "minecraft:item": {
    "description": {
      "identifier": "brawl:cubo_de_pode",
      "category": "Items"
    },
    "components": {
      "minecraft:hand_equipped": false,
      "minecraft:max_stack_size": 64,
      "minecraft:foil": false,
      "minecraft:stack_by_data": true,
      "minecraft:food": {
        "saturation_modifier": "normal",
        "nutrition": 5,
        "can_always_eat": true,
        "effects": [
          {
            "name": "resistance",
            "chance": 3,
            "duration": 300,
            "amplifier": 3
          },
          {
            "name": "speed",
            "chance": 2,
            "duration": 300,
            "amplifier": 2
          },
          {
            "name": "strength",
            "chance": 4,
            "duration": 300,
            "amplifier": 4
          }
        ]
      },
      "minecraft:use_duration": 20000
    }
  }
}