{
  "format_version": "1.10",
  "minecraft:item": {
    "description": {
      "identifier": "pode_maximo:velho_bull_live",
      "category": "Items"
    },
    "components": {
      "minecraft:hand_equipped": false,
      "minecraft:max_stack_size": 64,
      "minecraft:foil": false,
      "minecraft:stack_by_data": true,
      "minecraft:food": {
        "saturation_modifier": "normal",
        "nutrition": 5,
        "can_always_eat": true,
        "effects": [
          {
            "name": "speed",
            "chance": 10,
            "duration": 5.0,
            "amplifier": 10
          }
        ]
      },
      "minecraft:use_duration": 5.0
    }
  }
}