{"format_version":"1.10.0","minecraft:entity":{"description":{"identifier":"biso:robo_1","is_spawnable":true,"is_summonable":true,"is_experimental":false},"component_groups":{"become_zombie":{"minecraft:transformation":{"into":"minecraft:zombie_villager"}},"baby":{"minecraft:is_baby":{},"minecraft:scale":{"value":0.5},"minecraft:ageable":{"duration":1200,"grow_up":{"event":"minecraft:ageable_grow_up","target":"self"}},"minecraft:behavior.take_flower":{"priority":7},"minecraft:behavior.play":{"priority":8,"speed_multiplier":0.32}},"adult":{"minecraft:behavior.make_love":{"priority":6},"minecraft:behavior.receive_love":{"priority":7}},"minecraft:pig_transform":{"minecraft:transformation":{"into":"biso:robo_1"}}},"components":{"minecraft:type_family":{"family":[]},"minecraft:breathable":{"totalSupply":99999,"suffocateTime":0,"breathesWater":true},"minecraft:health":{"value":40,"max":40},"minecraft:collision_box":{"width":0.6,"height":1.8},"minecraft:nameable":{"alwaysShow":true,"allowNameTagRenaming":false},"minecraft:movement":{"value":0.5},"minecraft:navigation.walk":{"is_amphibious":true,"can_path_over_water":true,"can_pass_doors":true,"can_open_doors":true,"can_walk":true,"avoid_water":true},"minecraft:annotation.open_door":{},"minecraft:movement.basic":{},"minecraft:jump.static":{},"minecraft:can_climb":{},"minecraft:damage_sensor":[{"on_damage":{"filters":{"test":"is_family","subject":"other","value":"lightning"},"event":"become_witch"},"deals_damage":false},{"on_damage":{"filters":{"test":"is_family","subject":"other","value":"nightmarefreddy"},"event":"become_zombie"},"deals_damage":true}],"minecraft:behavior.float":{"priority":0},"minecraft:behavior.move_indoors":{"priority":4,"speed_multiplier":0.8},"minecraft:behavior.restrict_open_door":{"priority":5},"minecraft:behavior.open_door":{"priority":6,"close_door_after":true},"minecraft:behavior.move_towards_restriction":{"priority":7,"speed_multiplier":0.6},"minecraft:behavior.share_items":{"priority":8,"max_dist":3,"goal_radius":2.0,"speed_multiplier":0.5,"entity_types":[{"filters":{"test":"is_family","subject":"other","value":"villager"}}]},"minecraft:behavior.pickup_items":{"priority":9,"max_dist":3,"goal_radius":2,"speed_multiplier":0.5},"minecraft:behavior.random_stroll":{"priority":11,"speed_multiplier":0.6},"minecraft:behavior.look_at_player":{"priority":12,"look_distance":8,"probability":0.02},"minecraft:physics":{},"minecraft:experience_reward":{"on_death":"query.last_hit_by_player ? 0 : 0"},"minecraft:scale":{"value":1,"max":1},"minecraft:rideable":{"seat_count":1,"family_types":["player","zombie"],"interact_text":"action.interact.mount","seats":{"position":[0.0,0.6,-0.2]}},"minecraft:fire_immune":true,"minecraft:behavior.ranged_attack":{"attack_interval_min":1,"attack_interval_max":3,"attack_radius":25,"burst_shots":1,"burst_interval":0.5},"minecraft:shooter":{"type":"laser","def":"pode_biso:laser"},"minecraft:behavior.nearest_attackable_target":{"priority":1,"within_radius":50,"must_reach":false,"entity_types":[{"filters":{"other_with_families":["freddy","nightmarefreddy","armorer","arthropod","artisan","baby_turtle","bat","bee","blacksmith","blaze","butcher","cachalote","car","cartographer","cat","cavespider","chicken","cleric","cod","cow","crab","creeper","dolphin","donkey","dragon","drowned","enderman","endermite","evocation_illager","farmer","fish","fisherman","fishleon","fletcher","fox","foxy","furnicraft","ghast","guardian","guardian_elder","hammerhead_shark","horse","husk","illager","irongolem","leatherworker","librarian","llama","magmacube","mob","monster","mule","mushroomcow","ocelot","octopus","pacified","panda","panda_aggressive","parrot_tame","parrot_wild","peasant","phantom","pig","pillager","piranha","player","polarbear","priest","pufferfish","rabbit","ravager","salmon","shark","sheep","shepherd","shrimp","shulker","silverfish","skeleton","skeletonhorse","slime","snowgolem","spider","squid","stingray","stray","toolsmith","turtle","undead","vex","villager","vindicator","wandering_trader","wandering_trader_despawning","weaponsmith","whale","witch","wither","wolf","zombie","zombie_pigman","zombie_villager","zombiehorse"]},"max_dist":35,"must_see":false,"walk_speed_multiplier":1.0,"sprint_speed_multiplier":1.0,"within_default":1}],"must_see":false,"speed_multiplier":1.0},"minecraft:fall_damage":{"value":0.1,"max":0.1},"minecraft:transformed":{"minecraft:transformation":{"into":"biso:robo_1"}},"minecraft:loot":{"table":"loot_tables/entities/biso:robo_1.json"}},"events":{"become_zombie":{"remove":{},"add":{"component_groups":["minecraft:pig_transform"]}},"minecraft:entity_spawned":{"sequence":[{"filters":{"test":"has_component","operator":"!=","value":"minecraft:variant"},"randomize":[{"weight":5,"add":{"component_groups":["baby"]}},{"weight":95,"add":{"component_groups":["adult"]}}]}]},"minecraft:entity_transformed":{"sequence":[{"filters":{"test":"has_component","subject":"other","value":"minecraft:is_baby"},"add":{"component_groups":["baby"]}},{"filters":{"test":"has_component","subject":"other","operator":"!=","value":"minecraft:is_baby"},"add":{"component_groups":["adult"]}}]},"minecraft:entity_born":{"sequence":[{"add":{"component_groups":["baby"]}}]},"minecraft:ageable_grow_up":{"sequence":[{"remove":{"component_groups":["baby"]},"add":{"component_groups":["adult"]}}]}}}}