{"format_version":"1.12.0","minecraft:entity":{"description":{"identifier":"biso_de_pode:torreta","is_spawnable":true,"is_summonable":true,"is_experimental":false},"component_groups":{"minecraft:snowman_sheared":{"minecraft:is_sheared":{}}},"components":{"minecraft:type_family":{"family":["player","villager"]},"minecraft:collision_box":{"width":0.4,"height":1.8},"minecraft:loot":{"table":"loot_tables/entities/biso_de_pode:torreta.json"},"minecraft:health":{"value":30,"max":30},"minecraft:movement":{"value":0.0},"minecraft:navigation.walk":{"avoid_water":true},"minecraft:movement.basic":{},"minecraft:jump.static":{},"minecraft:damage_sensor":{"triggers":{"cause":"fall","deals_damage":false}},"minecraft:hurt_on_condition":{"damage_conditions":[{"filters":{"test":"in_lava","subject":"self","operator":"==","value":true},"cause":"lava","damage_per_tick":4},{"filters":{"test":"is_temperature_value","operator":">","value":1.0},"cause":"temperature","damage_per_tick":1},{"filters":{"test":"in_water_or_rain","operator":"==","value":true},"cause":"drowning","damage_per_tick":1}]},"minecraft:interact":{"interactions":[{"cooldown":2.5,"use_item":false,"hurt_item":1,"play_sounds":"shear","interact_text":"action.interact.shear","on_interact":{"filters":{"all_of":[{"test":"has_equipment","subject":"other","domain":"hand","value":"shears"},{"test":"is_family","subject":"other","value":"player"},{"test":"has_component","operator":"!=","value":"minecraft:is_sheared"}]},"event":"minecraft:on_sheared","target":"self"}}]},"minecraft:leashable":{"soft_distance":4.0,"hard_distance":6.0,"max_distance":10.0},"minecraft:balloonable":{},"minecraft:behavior.ranged_attack":{"priority":1,"speed_multiplier":1.25,"attack_interval":1,"attack_radius":19,"attack_interval_max":1.0,"burst_shots":1.0,"burst_interval":0.3},"minecraft:shooter":{"type":"raio","def":"pode_do_biso:raio"},"minecraft:trail":{"block_type":"minecraft:snow_layer","spawn_filter":{"test":"is_temperature_value","operator":"<","value":0.81}},"minecraft:behavior.random_stroll":{"priority":2,"speed_multiplier":1},"minecraft:behavior.look_at_player":{"priority":3,"look_distance":6.0},"minecraft:behavior.random_look_around":{"priority":4},"minecraft:persistent":{},"minecraft:physics":{},"minecraft:pushable":{"is_pushable":true,"is_pushable_by_piston":true},"minecraft:experience_reward":{"on_death":"query.last_hit_by_player ? 0 : 0"},"minecraft:scale":{"value":0.8,"max":1},"minecraft:hurt_when_wet":{"value":true},"minecraft:fire_immune":true,"minecraft:behavior.nearest_attackable_target":{"priority":1,"within_radius":25,"must_reach":false,"entity_types":[{"filters":{"other_with_families":["freddy","nightmarefreddy","armorer","arthropod","artisan","baby_turtle","bat","bee","blacksmith","blaze","butcher","cachalote","car","cartographer","cat","cavespider","chicken","cleric","cod","cow","crab","creeper","dolphin","donkey","dragon","drowned","enderman","endermite","evocation_illager","farmer","fish","fisherman","fishleon","fletcher","fox","foxy","furnicraft","ghast","guardian","guardian_elder","hammerhead_shark","horse","husk","illager","irongolem","leatherworker","librarian","llama","magmacube","mob","monster","mule","mushroomcow","ocelot","octopus","pacified","panda","panda_aggressive","parrot_tame","parrot_wild","peasant","phantom","pig","pillager","piranha","player","polarbear","priest","pufferfish","rabbit","ravager","salmon","shark","sheep","shepherd","shrimp","shulker","silverfish","skeleton","skeletonhorse","slime","snowgolem","spider","squid","stingray","stray","toolsmith","turtle","undead","vex","vindicator","wandering_trader","wandering_trader_despawning","weaponsmith","whale","witch","wither","zombie","zombie_pigman","zombie_villager","zombiehorse"]},"max_dist":35,"must_see":false,"walk_speed_multiplier":1.0,"sprint_speed_multiplier":1.0,"within_default":1}],"must_see":false,"speed_multiplier":1.0},"minecraft:fall_damage":{"value":0.1,"max":0.1}},"events":{"minecraft:on_sheared":{"remove":{},"add":{"component_groups":["minecraft:snowman_sheared"]}}}}}