{"format_version":"1.12.0","minecraft:entity":{"description":{"identifier":"blawl:urso","is_spawnable":true,"is_summonable":true,"is_experimental":false},"component_groups":{"minecraft:baby":{"minecraft:is_baby":{},"minecraft:scale":{"value":0.5},"minecraft:ageable":{"duration":1200,"grow_up":{"event":"minecraft:ageable_grow_up","target":"self"}},"minecraft:behavior.follow_parent":{"priority":4,"speed_multiplier":1.25}},"minecraft:baby_wild":{"minecraft:on_target_acquired":{"event":"minecraft:on_scared","target":"self"},"minecraft:behavior.nearest_attackable_target":{"priority":4,"entity_types":[{"filters":{"test":"is_family","subject":"other","value":"player"},"max_dist":16}],"must_see":false}},"minecraft:baby_scared":{"minecraft:angry":{"duration":1,"broadcastAnger":true,"broadcastRange":41,"calm_event":{"event":"minecraft:baby_on_calm","target":"self"}}},"minecraft:adult":{"minecraft:loot":{"table":"loot_tables/entities/polar_bear.json"}},"minecraft:adult_wild":{"minecraft:on_target_acquired":{"event":"minecraft:on_anger","target":"self"},"minecraft:on_friendly_anger":{"event":"minecraft:on_anger","target":"self"}},"minecraft:adult_hostile":{"minecraft:attack":{"damage":6.0},"minecraft:angry":{"duration":500,"broadcastAnger":false,"broadcastRange":20,"calm_event":{"event":"minecraft:on_calm","target":"self"}},"minecraft:behavior.stomp_attack":{"priority":1,"track_target":true,"require_complete_path":true}}},"components":{"minecraft:type_family":{"family":["player"]},"minecraft:breathable":{"totalSupply":15,"suffocateTime":0},"minecraft:nameable":{},"minecraft:health":{"value":30,"max":30},"minecraft:collision_box":{"width":1.3,"height":1.4},"minecraft:movement":{"value":0.25},"minecraft:water_movement":{"drag_factor":0.98},"minecraft:navigation.walk":{"can_path_over_water":true,"avoid_damage_blocks":true},"minecraft:movement.basic":{},"minecraft:jump.static":{},"minecraft:can_climb":{},"minecraft:follow_range":{"value":48},"minecraft:behavior.float":{"priority":0},"minecraft:behavior.hurt_by_target":{"priority":1},"minecraft:behavior.random_stroll":{"priority":5},"minecraft:behavior.look_at_player":{"priority":6,"target_distance":6.0,"probability":0.02},"minecraft:behavior.random_look_around":{"priority":7},"minecraft:physics":{},"minecraft:scale":{"value":2,"max":1},"minecraft:rideable":{"seat_count":1,"family_types":["player","zombie"],"interact_text":"action.interact.mount","seats":{"position":[0.0,0.6,-0.2]}},"minecraft:fire_immune":true,"minecraft:attack":{"damage":3},"minecraft:behavior.melee_attack":{"priority":2,"speed_multiplier":1.0,"target_dist":0.0,"max_dist":3,"random_stop_interval":100,"track_target":true,"reach_multiplier":1.4},"minecraft:behavior.nearest_attackable_target":{"priority":1,"within_radius":10000,"must_reach":false,"entity_types":[{"filters":{"other_with_families":["freddy","nightmarefreddy","armorer","arthropod","artisan","baby_turtle","bat","bee","blacksmith","blaze","butcher","cachalote","car","cartographer","cat","cavespider","chicken","cleric","cod","cow","crab","creeper","dolphin","donkey","dragon","drowned","enderman","endermite","evocation_illager","farmer","fish","fisherman","fishleon","fletcher","fox","foxy","furnicraft","ghast","guardian","guardian_elder","hammerhead_shark","horse","husk","illager","irongolem","leatherworker","librarian","llama","magmacube","mob","monster","mule","mushroomcow","ocelot","octopus","pacified","panda","panda_aggressive","parrot_tame","parrot_wild","peasant","phantom","pig","pillager","piranha","player","priest","pufferfish","rabbit","ravager","salmon","shark","sheep","shepherd","shrimp","shulker","silverfish","skeleton","skeletonhorse","slime","snowgolem","spider","squid","stingray","stray","toolsmith","turtle","undead","vex","villager","vindicator","wandering_trader","wandering_trader_despawning","weaponsmith","whale","witch","wither","wolf","zombie","zombie_pigman","zombie_villager","zombiehorse"]},"max_dist":35,"must_see":false,"walk_speed_multiplier":1.0,"sprint_speed_multiplier":1.0,"within_default":1}],"must_see":false,"speed_multiplier":1.0},"minecraft:tameable":{"probability":0.33,"tameItems":["beef","fish","pumpkin_pie","salmon"],"tame_event":{"event":"minecraft:on_tame","target":"self"}},"minecraft:behavior.player_ride_tamed":{"speed_multiplier":1.5},"minecraft:input_ground_controlled":{},"minecraft:fall_damage":{"value":0.1,"max":0.1},"minecraft:loot":{"table":"loot_tables/entities/blawl:urso.json"}},"events":{"minecraft:entity_spawned":{"randomize":[{"weight":9,"add":{"component_groups":["minecraft:adult","minecraft:adult_wild"]}},{"weight":1,"add":{"component_groups":["minecraft:baby","minecraft:baby_wild"]}}]},"minecraft:entity_born":{"add":{"component_groups":["minecraft:baby","minecraft:baby_wild"]}},"minecraft:ageable_grow_up":{"remove":{"component_groups":["minecraft:baby","minecraft:baby_wild","minecraft:baby_scared"]},"add":{"component_groups":["minecraft:adult","minecraft:adult_wild"]}},"minecraft:on_calm":{"remove":{"component_groups":["minecraft:adult_hostile"]},"add":{"component_groups":["minecraft:adult_wild"]}},"minecraft:on_anger":{"remove":{"component_groups":["minecraft:adult_wild"]},"add":{"component_groups":["minecraft:adult_hostile"]}},"minecraft:baby_on_calm":{"remove":{"component_groups":["minecraft:baby_scared"]},"add":{"component_groups":["minecraft:baby_wild"]}},"minecraft:on_scared":{"remove":{"component_groups":["minecraft:baby_wild"]},"add":{"component_groups":["minecraft:baby_scared"]}}}}}