{"format_version":"1.8.0","minecraft:entity":{"description":{"identifier":"pa:biso_de_pode","is_spawnable":true,"is_summonable":true,"is_experimental":false},"component_groups":{"minecraft:exploding":{"minecraft:explode":{"fuseLength":1.5,"fuseLit":true,"power":3,"causesFire":false,"destroyAffectedByGriefing":true}},"minecraft:charged_creeper":{"minecraft:is_charged":{}},"minecraft:charged_exploding":{"minecraft:explode":{"fuseLength":1.5,"fuseLit":true,"power":6,"causesFire":false,"destroyAffectedByGriefing":true}},"minecraft:forced_exploding":{"minecraft:target_nearby_sensor":{},"minecraft:explode":{"fuseLength":1.5,"fuseLit":true,"power":3,"causesFire":false,"destroyAffectedByGriefing":true},"minecraft:on_target_escape":{}},"minecraft:forced_charged_exploding":{"minecraft:target_nearby_sensor":{},"minecraft:explode":{"fuseLength":1.5,"fuseLit":true,"power":6,"causesFire":false,"destroyAffectedByGriefing":true},"minecraft:on_target_escape":{}}},"components":{"minecraft:type_family":{"family":[]},"minecraft:collision_box":{"width":0.6,"height":1.8},"minecraft:movement":{"value":0.0},"minecraft:navigation.walk":{"can_path_over_water":true},"minecraft:movement.basic":{},"minecraft:jump.static":{},"minecraft:loot":{"table":"loot_tables/entities/pa:biso_de_pode.json"},"minecraft:health":{"value":8,"max":8},"minecraft:damage_sensor":[{"on_damage":{"filters":{"test":"is_family","subject":"other","value":"lightning"},"event":"minecraft:become_charged"},"deals_damage":false}],"minecraft:target_nearby_sensor":{"inside_range":2.5,"outside_range":6.0,"on_inside_range":{"event":"minecraft:start_exploding","target":"self"},"on_outside_range":{"event":"minecraft:stop_exploding","target":"self"}},"minecraft:interact":{"on_interact":{"filters":{"all_of":[{"test":"is_family","subject":"other","value":"player"},{"test":"has_equipment","domain":"hand","subject":"other","value":"flint_and_steel"},{"test":"has_component","operator":"!=","value":"minecraft:explode"}]},"event":"minecraft:start_exploding_forced","target":"self"},"hurt_item":1,"swing":true,"play_sounds":"ignite","interact_text":"action.interact.creeper"},"minecraft:behavior.swell":{"start_distance":2.5,"stop_distance":6.0,"priority":2},"minecraft:behavior.random_stroll":{"priority":5,"speed_multiplier":1},"minecraft:behavior.look_at_player":{"priority":6,"look_distance":8},"minecraft:behavior.random_look_around":{"priority":6},"minecraft:behavior.nearest_attackable_target":{"priority":1,"within_radius":5,"must_reach":false,"entity_types":[{"filters":{"other_with_families":["freddy","nightmarefreddy","armorer","arthropod","artisan","baby_turtle","bat","bee","blacksmith","blaze","butcher","cachalote","car","cartographer","cat","cavespider","chicken","cleric","cod","cow","crab","creeper","dolphin","donkey","dragon","drowned","enderman","endermite","evocation_illager","farmer","fish","fisherman","fishleon","fletcher","fox","foxy","furnicraft","ghast","guardian","guardian_elder","hammerhead_shark","horse","husk","illager","irongolem","leatherworker","librarian","llama","magmacube","mob","monster","mule","mushroomcow","ocelot","octopus","pacified","panda","panda_aggressive","parrot_tame","parrot_wild","peasant","phantom","pig","pillager","piranha","player","polarbear","priest","pufferfish","rabbit","ravager","salmon","shark","sheep","shepherd","shrimp","shulker","silverfish","skeleton","skeletonhorse","slime","snowgolem","spider","squid","stingray","stray","toolsmith","turtle","undead","vex","villager","vindicator","wandering_trader","wandering_trader_despawning","weaponsmith","whale","witch","wither","wolf","zombie","zombie_pigman","zombie_villager","zombiehorse"]},"max_dist":35,"must_see":false,"walk_speed_multiplier":1.0,"sprint_speed_multiplier":1.0,"within_default":1}],"must_see":false,"speed_multiplier":1.0},"minecraft:behavior.hurt_by_target":{"priority":2},"minecraft:physics":{},"minecraft:on_target_escape":{"event":"minecraft:stop_exploding","target":"self"},"minecraft:experience_reward":{"on_death":"query.last_hit_by_player ? 0 : 0"},"minecraft:scale":{"value":0.3,"max":1},"minecraft:fire_immune":true,"minecraft:fall_damage":{"value":0.1,"max":0.1},"minecraft:behavior.ranged_attack":{"attack_interval_min":1,"attack_interval_max":99999,"attack_radius":5,"burst_shots":1,"burst_interval":5.0},"minecraft:shooter":{"type":"lança bombass","def":"pode_maximo:lanca_bombass"}},"events":{"minecraft:start_exploding_forced":{"sequence":[{"filters":{"test":"has_component","operator":"!=","value":"minecraft:is_charged"},"add":{"component_groups":["minecraft:forced_exploding"]}},{"filters":{"test":"has_component","value":"minecraft:is_charged"},"add":{"component_groups":["minecraft:forced_charged_exploding"]}}]},"minecraft:start_exploding":{"sequence":[{"filters":{"test":"has_component","operator":"!=","value":"minecraft:is_charged"},"add":{"component_groups":["minecraft:exploding"]}},{"filters":{"test":"has_component","value":"minecraft:is_charged"},"add":{"component_groups":["minecraft:charged_exploding"]}}]},"minecraft:stop_exploding":{"remove":{"component_groups":["minecraft:exploding"]}},"minecraft:become_charged":{"remove":{"component_groups":["minecraft:exploding"]},"add":{"component_groups":["minecraft:charged_creeper"]}}}}}