{"format_version":"1.8.0","minecraft:entity":{"description":{"identifier":"minecraft:thrown_trident","is_spawnable":false,"is_summonable":false,"is_experimental":false},"component_groups":{"minecraft:exploding":{"minecraft:explode":{"fuseLength":0,"fuseLit":true,"power":1,"causesFire":true,"fireAffectedByGriefing":true,"destroyAffectedByGriefing":true}}},"components":{"minecraft:collision_box":{"width":0.25,"height":0.35},"minecraft:projectile":{"onHit":{"impact_damage":{"damage":[1,4],"knockback":true,"semi_random_diff_damage":false,"destroy_on_hit":true},"stick_in_ground":{"shake_time":0.35},"arrow_effect":{}},"liquid_inertia":0.99,"hitSound":"item.trident.hit","hitGroundSound":"item.trident.hit_ground","power":4,"gravity":0.0,"uncertaintyBase":1,"uncertaintyMultiplier":0,"stopOnHurt":true,"anchor":1,"shouldbounce":true,"multipletargets":false,"offset":[0,-0.1,0]},"minecraft:physics":{}},"events":{"minecraft:explode":{"add":{"component_groups":["minecraft:exploding"]}}}}}