{"format_version":"1.8.0","minecraft:spawn_rules":{"description":{"identifier":"biso:spike_normal","population_control":"monster"},"conditions":[{"minecraft:spawns_underground":{},"minecraft:spawns_on_surface":{},"minecraft:spawns_on_block_filter":"minecraft:grass","minecraft:brightness_filter":{"min":1,"max":15,"adjust_for_weather":false},"minecraft:weight":{"default":5},"minecraft:herd":{"min_size":1,"max_size":4},"minecraft:density_limit":{"surface":5},"minecraft:biome_filter":[{"any_of":[{"test":"has_biome_tag","operator":"==","value":"desert"},{"test":"has_biome_tag","operator":"==","value":"desert_hills"},{"test":"has_biome_tag","operator":"==","value":"desert_mutated"}]}]},{"minecraft:spawns_underground":{},"minecraft:brightness_filter":{"min":1,"max":15,"adjust_for_weather":false},"minecraft:weight":{"default":5},"minecraft:herd":{"min_size":1,"max_size":4},"minecraft:density_limit":{"surface":5},"minecraft:biome_filter":[{"any_of":[{"test":"has_biome_tag","operator":"==","value":"desert"},{"test":"has_biome_tag","operator":"==","value":"desert_hills"},{"test":"has_biome_tag","operator":"==","value":"desert_mutated"}]}]}]}}