{"format_version":"1.8.0","minecraft:spawn_rules":{"description":{"identifier":"biso:robo3","population_control":"monster"},"conditions":[{"minecraft:spawns_underground":{},"minecraft:spawns_on_surface":{},"minecraft:spawns_on_block_filter":"minecraft:grass","minecraft:brightness_filter":{"min":1,"max":15,"adjust_for_weather":false},"minecraft:weight":{"default":1.9},"minecraft:herd":{"min_size":1,"max_size":4},"minecraft:density_limit":{"surface":5},"minecraft:biome_filter":[{"any_of":[{"test":"has_biome_tag","operator":"==","value":"msgijd"},{"test":"has_biome_tag","operator":"==","value":"bioma_brawl"},{"test":"has_biome_tag","operator":"==","value":"custombiome"},{"test":"has_biome_tag","operator":"==","value":"overworld"},{"test":"has_biome_tag","operator":"==","value":"overworld_generation"},{"test":"has_biome_tag","operator":"==","value":"animal"},{"test":"has_biome_tag","operator":"==","value":"water_animal"},{"test":"has_biome_tag","operator":"==","value":"monster"},{"test":"has_biome_tag","operator":"==","value":"ocean"},{"test":"has_biome_tag","operator":"==","value":"legacy_frozen_ocean"},{"test":"has_biome_tag","operator":"==","value":"deep_ocean"},{"test":"has_biome_tag","operator":"==","value":"frozen_ocean"},{"test":"has_biome_tag","operator":"==","value":"deep_frozen_ocean"},{"test":"has_biome_tag","operator":"==","value":"cold_ocean"},{"test":"has_biome_tag","operator":"==","value":"deep_cold_ocean"},{"test":"has_biome_tag","operator":"==","value":"lukewarm_ocean"},{"test":"has_biome_tag","operator":"==","value":"deep_lukewarm_ocean"},{"test":"has_biome_tag","operator":"==","value":"warm_ocean"},{"test":"has_biome_tag","operator":"==","value":"deep_warm_ocean"},{"test":"has_biome_tag","operator":"==","value":"river"},{"test":"has_biome_tag","operator":"==","value":"frozen_river"},{"test":"has_biome_tag","operator":"==","value":"beach"},{"test":"has_biome_tag","operator":"==","value":"stone_beach"},{"test":"has_biome_tag","operator":"==","value":"cold_beach"},{"test":"has_biome_tag","operator":"==","value":"forest"},{"test":"has_biome_tag","operator":"==","value":"forest_hills"},{"test":"has_biome_tag","operator":"==","value":"flower_forest"},{"test":"has_biome_tag","operator":"==","value":"birch_forest"},{"test":"has_biome_tag","operator":"==","value":"birch_forest_hills"},{"test":"has_biome_tag","operator":"==","value":"birch_forest_mutated"},{"test":"has_biome_tag","operator":"==","value":"birch_forest_hills_mutated"},{"test":"has_biome_tag","operator":"==","value":"roofed_forest"},{"test":"has_biome_tag","operator":"==","value":"roofed_forest_mutated"},{"test":"has_biome_tag","operator":"==","value":"jungle"},{"test":"has_biome_tag","operator":"==","value":"jungle_hills"},{"test":"has_biome_tag","operator":"==","value":"jungle_mutated"},{"test":"has_biome_tag","operator":"==","value":"jungle_edge"},{"test":"has_biome_tag","operator":"==","value":"jungle_edge_mutated"},{"test":"has_biome_tag","operator":"==","value":"bamboo_jungle"},{"test":"has_biome_tag","operator":"==","value":"bamboo_jungle_hills"},{"test":"has_biome_tag","operator":"==","value":"taiga"},{"test":"has_biome_tag","operator":"==","value":"taiga_hills"},{"test":"has_biome_tag","operator":"==","value":"taiga_mutated"},{"test":"has_biome_tag","operator":"==","value":"cold_taiga"},{"test":"has_biome_tag","operator":"==","value":"cold_taiga_hills"},{"test":"has_biome_tag","operator":"==","value":"cold_taiga_mutated"},{"test":"has_biome_tag","operator":"==","value":"mega_taiga"},{"test":"has_biome_tag","operator":"==","value":"mega_taiga_hills"},{"test":"has_biome_tag","operator":"==","value":"redwood_taiga_mutated"},{"test":"has_biome_tag","operator":"==","value":"redwood_taiga_hills_mutated"},{"test":"has_biome_tag","operator":"==","value":"mushroom_island"},{"test":"has_biome_tag","operator":"==","value":"mushroom_island_shore"},{"test":"has_biome_tag","operator":"==","value":"swampland"},{"test":"has_biome_tag","operator":"==","value":"swampland_mutated"},{"test":"has_biome_tag","operator":"==","value":"savanna"},{"test":"has_biome_tag","operator":"==","value":"savanna_plateau"},{"test":"has_biome_tag","operator":"==","value":"savanna_mutated"},{"test":"has_biome_tag","operator":"==","value":"savanna_plateau_mutated"},{"test":"has_biome_tag","operator":"==","value":"plains"},{"test":"has_biome_tag","operator":"==","value":"sunflower_plains"},{"test":"has_biome_tag","operator":"==","value":"desert"},{"test":"has_biome_tag","operator":"==","value":"desert_hills"},{"test":"has_biome_tag","operator":"==","value":"desert_mutated"},{"test":"has_biome_tag","operator":"==","value":"ice_plains"},{"test":"has_biome_tag","operator":"==","value":"ice_mountains"},{"test":"has_biome_tag","operator":"==","value":"ice_plains_spikes"},{"test":"has_biome_tag","operator":"==","value":"extreme_hills"},{"test":"has_biome_tag","operator":"==","value":"extreme_hills_plus_trees"},{"test":"has_biome_tag","operator":"==","value":"extreme_hills_mutated"},{"test":"has_biome_tag","operator":"==","value":"extreme_hills_plus_trees_mutated"},{"test":"has_biome_tag","operator":"==","value":"extreme_hills_edge"},{"test":"has_biome_tag","operator":"==","value":"mesa"},{"test":"has_biome_tag","operator":"==","value":"mesa_plateau"},{"test":"has_biome_tag","operator":"==","value":"mesa_plateau_mutated"},{"test":"has_biome_tag","operator":"==","value":"mesa_plateau_stone"},{"test":"has_biome_tag","operator":"==","value":"mesa_plateau_stone_mutated"},{"test":"has_biome_tag","operator":"==","value":"mesa_bryce"},{"test":"has_biome_tag","operator":"==","value":"hell"},{"test":"has_biome_tag","operator":"==","value":"the_end"},{"test":"has_biome_tag","operator":"==","value":"nether"}]}]},{"minecraft:spawns_underground":{},"minecraft:brightness_filter":{"min":1,"max":15,"adjust_for_weather":false},"minecraft:weight":{"default":1.9},"minecraft:herd":{"min_size":1,"max_size":4},"minecraft:density_limit":{"surface":5},"minecraft:biome_filter":[{"any_of":[{"test":"has_biome_tag","operator":"==","value":"msgijd"},{"test":"has_biome_tag","operator":"==","value":"bioma_brawl"},{"test":"has_biome_tag","operator":"==","value":"custombiome"},{"test":"has_biome_tag","operator":"==","value":"overworld"},{"test":"has_biome_tag","operator":"==","value":"overworld_generation"},{"test":"has_biome_tag","operator":"==","value":"animal"},{"test":"has_biome_tag","operator":"==","value":"water_animal"},{"test":"has_biome_tag","operator":"==","value":"monster"},{"test":"has_biome_tag","operator":"==","value":"ocean"},{"test":"has_biome_tag","operator":"==","value":"legacy_frozen_ocean"},{"test":"has_biome_tag","operator":"==","value":"deep_ocean"},{"test":"has_biome_tag","operator":"==","value":"frozen_ocean"},{"test":"has_biome_tag","operator":"==","value":"deep_frozen_ocean"},{"test":"has_biome_tag","operator":"==","value":"cold_ocean"},{"test":"has_biome_tag","operator":"==","value":"deep_cold_ocean"},{"test":"has_biome_tag","operator":"==","value":"lukewarm_ocean"},{"test":"has_biome_tag","operator":"==","value":"deep_lukewarm_ocean"},{"test":"has_biome_tag","operator":"==","value":"warm_ocean"},{"test":"has_biome_tag","operator":"==","value":"deep_warm_ocean"},{"test":"has_biome_tag","operator":"==","value":"river"},{"test":"has_biome_tag","operator":"==","value":"frozen_river"},{"test":"has_biome_tag","operator":"==","value":"beach"},{"test":"has_biome_tag","operator":"==","value":"stone_beach"},{"test":"has_biome_tag","operator":"==","value":"cold_beach"},{"test":"has_biome_tag","operator":"==","value":"forest"},{"test":"has_biome_tag","operator":"==","value":"forest_hills"},{"test":"has_biome_tag","operator":"==","value":"flower_forest"},{"test":"has_biome_tag","operator":"==","value":"birch_forest"},{"test":"has_biome_tag","operator":"==","value":"birch_forest_hills"},{"test":"has_biome_tag","operator":"==","value":"birch_forest_mutated"},{"test":"has_biome_tag","operator":"==","value":"birch_forest_hills_mutated"},{"test":"has_biome_tag","operator":"==","value":"roofed_forest"},{"test":"has_biome_tag","operator":"==","value":"roofed_forest_mutated"},{"test":"has_biome_tag","operator":"==","value":"jungle"},{"test":"has_biome_tag","operator":"==","value":"jungle_hills"},{"test":"has_biome_tag","operator":"==","value":"jungle_mutated"},{"test":"has_biome_tag","operator":"==","value":"jungle_edge"},{"test":"has_biome_tag","operator":"==","value":"jungle_edge_mutated"},{"test":"has_biome_tag","operator":"==","value":"bamboo_jungle"},{"test":"has_biome_tag","operator":"==","value":"bamboo_jungle_hills"},{"test":"has_biome_tag","operator":"==","value":"taiga"},{"test":"has_biome_tag","operator":"==","value":"taiga_hills"},{"test":"has_biome_tag","operator":"==","value":"taiga_mutated"},{"test":"has_biome_tag","operator":"==","value":"cold_taiga"},{"test":"has_biome_tag","operator":"==","value":"cold_taiga_hills"},{"test":"has_biome_tag","operator":"==","value":"cold_taiga_mutated"},{"test":"has_biome_tag","operator":"==","value":"mega_taiga"},{"test":"has_biome_tag","operator":"==","value":"mega_taiga_hills"},{"test":"has_biome_tag","operator":"==","value":"redwood_taiga_mutated"},{"test":"has_biome_tag","operator":"==","value":"redwood_taiga_hills_mutated"},{"test":"has_biome_tag","operator":"==","value":"mushroom_island"},{"test":"has_biome_tag","operator":"==","value":"mushroom_island_shore"},{"test":"has_biome_tag","operator":"==","value":"swampland"},{"test":"has_biome_tag","operator":"==","value":"swampland_mutated"},{"test":"has_biome_tag","operator":"==","value":"savanna"},{"test":"has_biome_tag","operator":"==","value":"savanna_plateau"},{"test":"has_biome_tag","operator":"==","value":"savanna_mutated"},{"test":"has_biome_tag","operator":"==","value":"savanna_plateau_mutated"},{"test":"has_biome_tag","operator":"==","value":"plains"},{"test":"has_biome_tag","operator":"==","value":"sunflower_plains"},{"test":"has_biome_tag","operator":"==","value":"desert"},{"test":"has_biome_tag","operator":"==","value":"desert_hills"},{"test":"has_biome_tag","operator":"==","value":"desert_mutated"},{"test":"has_biome_tag","operator":"==","value":"ice_plains"},{"test":"has_biome_tag","operator":"==","value":"ice_mountains"},{"test":"has_biome_tag","operator":"==","value":"ice_plains_spikes"},{"test":"has_biome_tag","operator":"==","value":"extreme_hills"},{"test":"has_biome_tag","operator":"==","value":"extreme_hills_plus_trees"},{"test":"has_biome_tag","operator":"==","value":"extreme_hills_mutated"},{"test":"has_biome_tag","operator":"==","value":"extreme_hills_plus_trees_mutated"},{"test":"has_biome_tag","operator":"==","value":"extreme_hills_edge"},{"test":"has_biome_tag","operator":"==","value":"mesa"},{"test":"has_biome_tag","operator":"==","value":"mesa_plateau"},{"test":"has_biome_tag","operator":"==","value":"mesa_plateau_mutated"},{"test":"has_biome_tag","operator":"==","value":"mesa_plateau_stone"},{"test":"has_biome_tag","operator":"==","value":"mesa_plateau_stone_mutated"},{"test":"has_biome_tag","operator":"==","value":"mesa_bryce"},{"test":"has_biome_tag","operator":"==","value":"hell"},{"test":"has_biome_tag","operator":"==","value":"the_end"},{"test":"has_biome_tag","operator":"==","value":"nether"}]}]}]}}