{
  "format_version": "1.8.0",
  "minecraft:entity": {
    "description": {
      "identifier": "dg:spike",
      "is_spawnable": true,
      "is_summonable": true,
      "is_experimental": false
    },

    "component_groups": {
      "minecraft:u": {
        "minecraft:tameable": {
          "probability": 0.28,
          "tameItems": "dg:up",
          "tame_event": {
            "event": "minecraft:on_tame",
            "target": "self"
          }
        },
		"minecraft:interact": [
		  {
		    "on_interact": {
			  "filters": {
			    "all_of": [
				  { "test": "has_equipment", "subject": "other", "domain": "hand", "value": "dg:map"},
                  { "test" :  "is_family", "subject" : "other", "value" :  "yop"}
				]
			  },
			  "event": "minecraft:on_tame"
		    },
		    "use_item": true,
			"play_sounds": "chorusgrow",
			"interact_text": "Capturar"
		  },
		  {
		    "on_interact": {
			  "filters": {
			    "all_of": [
				  { "test": "has_equipment", "subject": "other", "domain": "hand", "value": "dg:pokeball"},
                  { "test" :  "is_family", "subject" : "other", "value" :  "yop"}
				]
			  },
			  "event": "minecraft:p"
		    },
		    "use_item": false,
			"play_sounds": "chorusgrow",
			"interact_text": "Capturar"
		  },
		  {
		    "on_interact": {
			  "filters": {
			    "all_of": [
				  { "test": "has_equipment", "subject": "other", "domain": "hand", "value": "dg:greatball"},
                  { "test" :  "is_family", "subject" : "other", "value" :  "yop"}
				]
			  },
			  "event": "minecraft:g"
		    },
		    "use_item": false,
			"play_sounds": "chorusgrow",
			"interact_text": "Capturar"
		  }
		]
      },
      "minecraft:g": {
        "minecraft:tameable": {
          "probability": 0.19,
          "tameItems": "dg:greatball",
          "tame_event": {
            "event": "minecraft:on_tame",
            "target": "self"
          }
        },
		"minecraft:interact": [
		  {
		    "on_interact": {
			  "filters": {
			    "all_of": [
				  { "test": "has_equipment", "subject": "other", "domain": "hand", "value": "dg:map"},
                  { "test" :  "is_family", "subject" : "other", "value" :  "yop"}
				]
			  },
			  "event": "minecraft:on_tame"
		    },
		    "use_item": true,
			"play_sounds": "chorusgrow",
			"interact_text": "Capturar"
		  },
		  {
		    "on_interact": {
			  "filters": {
			    "all_of": [
				  { "test": "has_equipment", "subject": "other", "domain": "hand", "value": "dg:up"},
                  { "test" :  "is_family", "subject" : "other", "value" :  "yop"}
				]
			  },
			  "event": "minecraft:u"
		    },
		    "use_item": false,
			"play_sounds": "chorusgrow",
			"interact_text": "Capturar"
		  },
		  {
		    "on_interact": {
			  "filters": {
			    "all_of": [
				  { "test": "has_equipment", "subject": "other", "domain": "hand", "value": "dg:pokeball"},
                  { "test" :  "is_family", "subject" : "other", "value" :  "yop"}
				]
			  },
			  "event": "minecraft:p"
		    },
		    "use_item": false,
			"play_sounds": "chorusgrow",
			"interact_text": "Capturar"
		  }
		]
      },
      "minecraft:wolf_baby": {
        "minecraft:is_baby": {
        },
        "minecraft:scale": {
          "value": 0.5
        },

        "minecraft:ageable": {
          "duration": 1200,
          "feedItems": [
            "dg:bonguri"
          ],
          "grow_up": {
            "event": "minecraft:ageable_grow_up",
            "target": "self"
          }
        }
      },

      "minecraft:wolf_adult": {
        "minecraft:loot": {
          "table": "loot_tables/entities/ps.json"
        },"minecraft:damage_sensor": {
        "triggers": [
          {
            "on_damage": {
              "filters": { "test" :  "is_family", "subject" : "other", "value" :  "yop" }
            },
            "deals_damage": true
},
          {
            "on_damage": {
              "filters": { "test" :  "is_family", "subject" : "other", "value" :  "snowball" }
            },
            "deals_damage": true,
          "damage_multiplier": 1.0
},
          {
            "on_damage": {
              "filters": { "test" :  "is_family", "subject" : "other", "value" :  "ta" }
            },
            "deals_damage": true,
          "damage_multiplier": 1.0
}
         ]
          },
              "minecraft:type_family": {
        "family": [ "wolf","charmaspike","se" ]
      },
        "minecraft:breedable": {
          "requireTame": true,
          "breedsWith": {
            "mateType": "dg:killbone",
            "babyType": "dg:killbone",
            "breed_event": {
              "event": "minecraft:entity_born",
              "target": "baby"
            }
          },
          "breedItems": [
            "dg:bonguri"
          ]
        }
      },

      "minecraft:wolf_angry": {
        "minecraft:angry": {
          "duration": 25,
          "broadcastAnger": true,
          "broadcastRange": 20,
          "calm_event": {
            "event": "minecraft:on_calm",
            "target": "self"
          }
        },
        "minecraft:on_target_acquired": {
        }
      },

      "minecraft:wolf_wild": {
        "minecraft:behavior.avoid_mob_type": {
          "priority": 3,
          "entity_types": [
            {
              "filters": { "test": "is_family", "subject": "other", "value": "llama" },
              "max_dist": 24,
              "walk_speed_multiplier": 1.5,
              "sprint_speed_multiplier": 1.5
            }
          ],
          "probability_per_strength": 0.14
        },
        		"minecraft:interact": [		  {		    "on_interact": {			  "filters": {			    "all_of": [				  { "test": "has_equipment", "subject": "other", "domain": "hand", "value": "dg:map"},                  { "test" :  "is_family", "subject" : "other", "value" :  "yop"}				]			  },			  "event": "minecraft:on_tame"		    },		    "use_item": true,			"play_sounds": "chorusgrow",			"interact_text": "Capturar"		  },		  {		    "on_interact": {			  "filters": {			    "all_of": [				  { "test": "has_equipment", "subject": "other", "domain": "hand", "value": "dg:up"},                  { "test" :  "is_family", "subject" : "other", "value" :  "yop"}				]			  },			  "event": "minecraft:u"		    },		    "use_item": false,			"play_sounds": "chorusgrow",			"interact_text": "Capturar"		  },		  {		    "on_interact": {			  "filters": {			    "all_of": [				  { "test": "has_equipment", "subject": "other", "domain": "hand", "value": "dg:greatball"},                  { "test" :  "is_family", "subject" : "other", "value" :  "yop"}				]			  },			  "event": "minecraft:g"		    },		    "use_item": false,			"play_sounds": "chorusgrow",			"interact_text": "Capturar"		  }		],        "minecraft:tameable": {
          "probability": 0.24,
          "tameItems": "dg:pokeball",
          "tame_event": {
            "event": "minecraft:on_tame",
            "target": "self"
          }
        },

        "minecraft:behavior.nearest_attackable_target": {
          "priority": 4,
          "attack_interval": 10,
          "reselect_targets": true,
          "entity_types": [
            {
              "filters": {
                "any_of": [
                  { "test" :  "is_family", "subject" : "other", "value" :  "ta"},
                  { "test" :  "is_family", "subject" : "other", "value" :  "sheep"},
                  { "test" :  "is_family", "subject" : "other", "value" :  "rabbit"}
                ] 
              },
              "max_dist": 16
            },
            {
              "filters": {
                "all_of": [
                  {
                    "test": "is_family",
                    "subject": "other",
                    "value": "baby_turtle"
                  },
                  {
                    "test": "in_water",
                    "subject": "other",
                    "operator": "!=",
                    "value": true
                  }
                ]
              },
              "max_dist": 16
            },
			{
              "filters": {
				"all_of": [
                  {
                    "test": "is_family",
                    "subject": "other",
                    "value": "skeleton"
                  },
                  {
                    "test": "is_underwater",
                    "subject": "other",
                    "operator": "!=",
                    "value": true
                  }
				]
              },
              "max_dist": 16
			}
          ],
          "must_see": true
        },
        "minecraft:on_target_acquired": {
          "event": "minecraft:become_angry",
          "target": "self"
        },
        "minecraft:rideable": {
          "seat_count": 1,
          "family_types": [
            "zombie"
          ],
          "seats": {
            "position": [ 0.0, 0.675, -0.1 ]
          }
        }
      },

      "minecraft:wolf_tame": {
        "minecraft:is_tamed": {
        },
        "requireTame": true,
      "minecraft:loot": {
        "table": "loot_tables/entities/killbonet.json"
      },
      "minecraft:type_family": {
        "family": [ "se" ]
      },
        "minecraft:health": {
          "value": 35,
          "max": 35
        },
        "minecraft:color": {
          "value": 14
        },
        "minecraft:behavior.follow_owner": {
          "priority": 6,
          "speed_multiplier": 1.0,
          "start_distance": 10,
          "stop_distance": 2
        },
        "minecraft:attack": {
          "damage": 4
        },
        "minecraft:behavior.breed": {
          "priority": 7
        },

        "minecraft:behavior.owner_hurt_by_target": {
          "priority": 1
        },
        "minecraft:behavior.owner_hurt_target": {
          "priority": 2
        },
        "minecraft:behavior.nearest_attackable_target": {
          "priority": 5,
          "attack_interval": 10,
          "entity_types": [
            {
              "filters": { "test" :  "is_family", "subject" : "other", "value" :  "skeleton"},
              "max_dist": 16
            }
          ],
          "must_see": true
        },

        "minecraft:sittable": {
        },
        "minecraft:is_dyeable": {
          "interact_text": "action.interact.dye"
        },

        "minecraft:leashable": {
          "soft_distance": 4.0,
          "hard_distance": 6.0,
          "max_distance": 10.0,
          "on_leash": {
            "event": "minecraft:on_leash",
            "target": "self"
          },
          "on_unleash": {
            "event": "minecraft:on_unleash",
            "target": "self"
          }
        }
      },

      "minecraft:wolf_leashed": {
        "minecraft:behavior.move_towards_restriction": {
          "priority": 2,
          "speed_multiplier": 1.0
        }
      }
    },


    "components": {
      "minecraft:nameable": {
      },
      "minecraft:type_family": {
        "family": [ "se" ]
      },
      "minecraft:breathable": {
        "totalSupply": 15,
        "suffocateTime": 0
      },
      "minecraft:collision_box": {
        "width": 0.6,
        "height": 0.8
      },
      "minecraft:health": {
        "value": 35,
        "max": 35
      },
      "minecraft:boss":{"hud_range":3},
      "minecraft:movement": {
        "value": 0.3
      },
      "minecraft:navigation.walk": {
        "can_path_over_water": true,
        "avoid_damage_blocks": true
      },
      "minecraft:movement.basic": {
      },
      "minecraft:jump.static": {
      },
      "minecraft:can_climb": {
      },
      "minecraft:attack": {
        "damage": 4
      },
      "minecraft:healable": {
        "items": [
          {
            "item": "dg:po",
            "heal_amount": 20          },
                      {
            "item": "dg:spo",
            "heal_amount": 50
          },
                                {
            "item": "dg:hpo",
            "heal_amount": 200
          }
        ]
      },
      "minecraft:behavior.float": {
        "priority": 0
      },
      "minecraft:behavior.mount_pathing": {
        "priority": 1,
        "speed_multiplier": 1.25,
        "target_dist": 0,
        "track_target": true
      },
      "minecraft:behavior.stay_while_sitting": {
        "priority": 3
      },
      "minecraft:behavior.leap_at_target": {
        "priority": 4,
        "target_dist": 0.4
      },
      "minecraft:behavior.ranged_attack": {
          "attack_interval_min": 0.5,
          "attack_interval_max": 3,
          "attack_radius": 15
        },
        "minecraft:shooter": {
          "type": "dg:flechas",
          "def": "dg:flechas"
        },
      "minecraft:behavior.random_stroll": {
        "priority": 8,
        "speed_multiplier": 1.0
      },
      "minecraft:behavior.look_at_yop": {
        "priority": 6,
        "target_distance": 6.0,
        "probability": 0.02
      },
      "minecraft:behavior.beg": {
        "priority": 9,
        "look_distance": 8,
        "look_time": [ 2, 4 ],
        "items": [ "dg:bonguri", "dg:pokeball" ]
      },

      "minecraft:behavior.hurt_by_target": {
        "priority": 3
      },
	    "minecraft:physics": {
      }
    },


        "events": {      "minecraft:u": {        "remove": {          "component_groups": [            "minecraft:wolf_angry",            "minecraft:wolf_wild",            "minecraft:g"          ]        },        "add": {          "component_groups": [            "minecraft:u"          ]        }      },      "minecraft:p": {        "remove": {          "component_groups": [            "minecraft:wolf_angry",            "minecraft:u",            "minecraft:g"          ]        },        "add": {          "component_groups": [            "minecraft:wolf_wild"          ]        }      },      "minecraft:g": {        "remove": {          "component_groups": [            "minecraft:wolf_angry",            "minecraft:wolf_wild",            "minecraft:u"          ]        },        "add": {          "component_groups": [            "minecraft:g"          ]        }      },
      "minecraft:entity_spawned": {
        "randomize": [
          {
            "weight": 9,
            "remove": {
            },
            "add": {
              "component_groups": [
                "minecraft:wolf_adult",
                "minecraft:wolf_wild"
              ]
            }
          },
          {
            "weight": 1,
            "remove": {
            },
            "add": {
              "component_groups": [
                "minecraft:wolf_baby",
                "minecraft:wolf_wild"
              ]

            }
          }
        ]
      },

      "minecraft:entity_born": {
        "remove": {
        },
        "add": {
          "component_groups": [
            "minecraft:wolf_baby",
            "minecraft:wolf_tame"
          ]
        }
      },

      "minecraft:ageable_grow_up": {
        "remove": {
          "component_groups": [
            "minecraft:wolf_baby"
          ]
        },
        "add": {
          "component_groups": [
            "minecraft:wolf_adult"
          ]
        }
      },

      "minecraft:ageable_set_baby": {
        "remove": {
          "component_groups": [
            "minecraft:wolf_adult"
          ]
        },
        "add": {
          "component_groups": [
            "minecraft:wolf_baby"
          ]
        }
      },

      "minecraft:on_tame": {
        "remove": {
          "component_groups": [
            "minecraft:wolf_wild"
          ]
        },
        "add": {
          "component_groups": [
            "minecraft:wolf_tame"
          ]
        }
      },
      "minecraft:become_angry": {
        "remove": {
          "component_groups": [
            "minecraft:wolf_wild"
          ]
        },
        "add": {
          "component_groups": [
            "minecraft:wolf_angry"
          ]
        }
      },
      "minecraft:on_calm": {
        "remove": {
          "component_groups": [
            "minecraft:wolf_angry"
          ]
        },
        "add": {
          "component_groups": [
            "minecraft:wolf_wild"
          ]
        }
      },

      "minecraft:on_leash": {
        "add": {
          "component_groups": [
            "minecraft:wolf_leashed"
          ]
        }
      },
      "minecraft:on_unleash": {
        "remove": {
          "component_groups": [
            "minecraft:wolf_leashed"
          ]
        }
      }
    }
  }
}
