{
  "format_version": "1.8.0",
  "minecraft:attachable": {
    "description": {
      "identifier": "ben:asm",
      "materials": {
        "default": "skeleton",
        "enchanted": "armor_enchanted"
      },
      "textures": {
        "default": "textures/entity/asm",
        "enchanted": "textures/misc/enchanted_item_glint"
      },
      "geometry": {
        "default": "geometry.asm"
      },
      "scripts": {
        "parent_setup": "variable.helmet_layer_visible = 0.0;"
      },
      "render_controllers": [ "controller.render.armor" ]
    }
  }
}
