{
  "format_version": "1.10.0",
  "minecraft:attachable": {
    "description": {
      "identifier": "dg:rosa.player",
      "item": { "dg:rosa": "query.owner_identifier == 'minecraft:player'" },
      "materials": {
        "default": "armor",
        "enchanted": "armor_enchanted"
      },
      "textures": {
        "default": "textures/armor/rosa",
        "enchanted": "textures/misc/enchanted_item_glint"
      },
      "geometry": {
        "default": "geometry.geometry.steve.v1.8"
      },
      "scripts": {
        "parent_setup": "variable.head_layer_visible = 0.0;"
      },
      "render_controllers": [ "controller.render.armor" ]
    }
  }
}
